date_str,country_name,iso3,effective_tariff,total_imports,tariff_2024
2025-02-04,CHINA,CHN,20.0,429425828419.0,10.865954673194842
2025-02-04,MEXICO,MEX,0.0,503438605302.0,0.2483985951474333
2025-02-04,CANADA,CAN,0.0,411693824741.0,0.1004719282005802
2025-02-04,JAPAN,JPN,0.0,151340030810.0,1.5080061314809772
2025-02-04,"KOREA, SOUTH",KOR,0.0,130458735626.0,0.1907498779640211
2025-02-04,VIETNAM,VNM,0.0,141361159091.0,3.77434496880812
2025-02-04,TAIWAN,TWN,0.0,115274122243.0,0.9381444681229574
2025-02-04,INDIA,IND,0.0,87735219365.0,2.4006631752267915
2025-02-04,UNITED KINGDOM,GBR,0.0,68205970097.0,0.9568484123484456
2025-02-04,SWITZERLAND,CHE,0.0,60919464587.0,0.5962607476322337
2025-02-04,MALAYSIA,MYS,0.0,51626608290.0,0.6439635839187916
2025-02-04,THAILAND,THA,0.0,63282378964.0,1.5883308441545774
2025-02-04,BRAZIL,BRA,0.0,42749059621.0,1.283186909521001
2025-02-04,SINGAPORE,SGP,0.0,42642848286.0,0.0777042630402308
2025-02-04,INDONESIA,IDN,0.0,28106070973.0,4.851827159726428
2025-02-04,ISRAEL,ISR,0.0,22708195633.0,0.1302083374560647
2025-02-04,SAUDI ARABIA,SAU,0.0,12571913684.0,0.3597939274556667
2025-02-04,RUSSIA,RUS,0.0,2931845520.0,0.6264000226041924
2025-02-04,COLOMBIA,COL,0.0,18310770810.0,0.1414987128005017
2025-02-04,AUSTRALIA,AUS,0.0,16680584707.0,0.1154843630386415
2025-02-04,PHILIPPINES,PHL,0.0,13930354398.0,1.3606079686473171
2025-02-04,CHILE,CHL,0.0,16426746171.0,0.0289320292072832
2025-02-04,TURKEY,TUR,0.0,16577520954.0,3.317861883729277
2025-02-04,SOUTH AFRICA,ZAF,0.0,14590861017.0,0.2596966618752078
2025-02-04,VENEZUELA,VEN,0.0,5684940767.0,0.1419630974318645
2025-02-04,IRAQ,IRQ,0.0,7595583687.0,0.0941318046727223
2025-02-04,ECUADOR,ECU,0.0,8723106488.0,0.4318083133780035
2025-02-04,COSTA RICA,CRI,0.0,11441670778.0,0.108517280744293
2025-02-04,PERU,PER,0.0,9605440694.0,0.1023464233779589
2025-02-04,BANGLADESH,BGD,0.0,8444238245.0,15.06031083091498
2025-02-04,CAMBODIA,KHM,0.0,12728558279.0,7.049896660177754
2025-02-04,HONG KONG,HKG,20.000000000000004,5895965378.0,0.989900894224688
2025-02-04,NORWAY,NOR,0.0,6521465715.0,0.575496378270847
2025-02-04,DOMINICAN REPUBLIC,DOM,0.0,7502813278.0,0.3628772433912622
2025-02-04,ARGENTINA,ARG,0.0,7735341905.0,1.041774881959791
2025-02-04,NIGERIA,NGA,0.0,6108389412.0,0.0762987701937297
2025-02-04,HONDURAS,HND,0.0,5523842740.0,0.4703619603768806
2025-02-04,NEW ZEALAND,NZL,0.0,5580064221.0,1.1250411019239055
2025-02-04,SLOVAKIA,SVK,0.0,8141337864.0,2.4215965888330806
2025-02-04,UNITED ARAB EMIRATES,ARE,0.0,7188011875.0,2.269413320912189
2025-02-04,GUATEMALA,GTM,0.0,5024213301.0,0.8735477052947678
2025-02-04,PAKISTAN,PAK,0.0,5107479031.0,9.589125790382516
2025-02-04,TRINIDAD AND TOBAGO,TTO,0.0,3247910632.0,0.0142155389206534
2025-02-04,NICARAGUA,NIC,0.0,4640059191.0,1.3320080942045034
2025-02-04,KUWAIT,KWT,0.0,1704495990.0,0.1050545739330252
2025-02-04,ALGERIA,DZA,0.0,2712545770.0,0.0961585617779271
2025-02-04,SRI LANKA,LKA,0.0,3118528089.0,10.121829240961503
2025-02-04,ANGOLA,AGO,0.0,1662167957.0,0.0647056150655899
2025-02-04,EL SALVADOR,SLV,0.0,2301947103.0,0.92059912985759
2025-02-04,EGYPT,EGY,0.0,2559338157.0,1.8207506840214704
2025-02-04,EUROPEAN UNION,EUU,0.0,597473236377.0,1.2290777517549552
2025-03-06,CHINA,CHN,20.0,429425828419.0,10.865954673194842
2025-03-06,MEXICO,MEX,4.5,503438605302.0,0.2483985951474333
2025-03-06,CANADA,CAN,8.75,411693824741.0,0.1004719282005802
2025-03-06,JAPAN,JPN,0.0,151340030810.0,1.5080061314809772
2025-03-06,"KOREA, SOUTH",KOR,0.0,130458735626.0,0.1907498779640211
2025-03-06,VIETNAM,VNM,0.0,141361159091.0,3.77434496880812
2025-03-06,TAIWAN,TWN,0.0,115274122243.0,0.9381444681229574
2025-03-06,INDIA,IND,0.0,87735219365.0,2.4006631752267915
2025-03-06,UNITED KINGDOM,GBR,0.0,68205970097.0,0.9568484123484456
2025-03-06,SWITZERLAND,CHE,0.0,60919464587.0,0.5962607476322337
2025-03-06,MALAYSIA,MYS,0.0,51626608290.0,0.6439635839187916
2025-03-06,THAILAND,THA,0.0,63282378964.0,1.5883308441545774
2025-03-06,BRAZIL,BRA,0.0,42749059621.0,1.283186909521001
2025-03-06,SINGAPORE,SGP,0.0,42642848286.0,0.0777042630402308
2025-03-06,INDONESIA,IDN,0.0,28106070973.0,4.851827159726428
2025-03-06,ISRAEL,ISR,0.0,22708195633.0,0.1302083374560647
2025-03-06,SAUDI ARABIA,SAU,0.0,12571913684.0,0.3597939274556667
2025-03-06,RUSSIA,RUS,0.0,2931845520.0,0.6264000226041924
2025-03-06,COLOMBIA,COL,0.0,18310770810.0,0.1414987128005017
2025-03-06,AUSTRALIA,AUS,0.0,16680584707.0,0.1154843630386415
2025-03-06,PHILIPPINES,PHL,0.0,13930354398.0,1.3606079686473171
2025-03-06,CHILE,CHL,0.0,16426746171.0,0.0289320292072832
2025-03-06,TURKEY,TUR,0.0,16577520954.0,3.317861883729277
2025-03-06,SOUTH AFRICA,ZAF,0.0,14590861017.0,0.2596966618752078
2025-03-06,VENEZUELA,VEN,0.0,5684940767.0,0.1419630974318645
2025-03-06,IRAQ,IRQ,0.0,7595583687.0,0.0941318046727223
2025-03-06,ECUADOR,ECU,0.0,8723106488.0,0.4318083133780035
2025-03-06,COSTA RICA,CRI,0.0,11441670778.0,0.108517280744293
2025-03-06,PERU,PER,0.0,9605440694.0,0.1023464233779589
2025-03-06,BANGLADESH,BGD,0.0,8444238245.0,15.06031083091498
2025-03-06,CAMBODIA,KHM,0.0,12728558279.0,7.049896660177754
2025-03-06,HONG KONG,HKG,20.000000000000004,5895965378.0,0.989900894224688
2025-03-06,NORWAY,NOR,0.0,6521465715.0,0.575496378270847
2025-03-06,DOMINICAN REPUBLIC,DOM,0.0,7502813278.0,0.3628772433912622
2025-03-06,ARGENTINA,ARG,0.0,7735341905.0,1.041774881959791
2025-03-06,NIGERIA,NGA,0.0,6108389412.0,0.0762987701937297
2025-03-06,HONDURAS,HND,0.0,5523842740.0,0.4703619603768806
2025-03-06,NEW ZEALAND,NZL,0.0,5580064221.0,1.1250411019239055
2025-03-06,SLOVAKIA,SVK,0.0,8141337864.0,2.4215965888330806
2025-03-06,UNITED ARAB EMIRATES,ARE,0.0,7188011875.0,2.269413320912189
2025-03-06,GUATEMALA,GTM,0.0,5024213301.0,0.8735477052947678
2025-03-06,PAKISTAN,PAK,0.0,5107479031.0,9.589125790382516
2025-03-06,TRINIDAD AND TOBAGO,TTO,0.0,3247910632.0,0.0142155389206534
2025-03-06,NICARAGUA,NIC,0.0,4640059191.0,1.3320080942045034
2025-03-06,KUWAIT,KWT,0.0,1704495990.0,0.1050545739330252
2025-03-06,ALGERIA,DZA,0.0,2712545770.0,0.0961585617779271
2025-03-06,SRI LANKA,LKA,0.0,3118528089.0,10.121829240961503
2025-03-06,ANGOLA,AGO,0.0,1662167957.0,0.0647056150655899
2025-03-06,EL SALVADOR,SLV,0.0,2301947103.0,0.92059912985759
2025-03-06,EGYPT,EGY,0.0,2559338157.0,1.8207506840214704
2025-03-06,EUROPEAN UNION,EUU,0.0,597473236377.0,1.2290777517549552
2025-03-12,CHINA,CHN,20.293654748549404,429425828419.0,10.865954673194842
2025-03-12,MEXICO,MEX,5.51501639167196,503438605302.0,0.2483985951474333
2025-03-12,CANADA,CAN,9.268592869341228,411693824741.0,0.1004719282005802
2025-03-12,JAPAN,JPN,0.9717917296094676,151340030810.0,1.5080061314809772
2025-03-12,"KOREA, SOUTH",KOR,1.3586004039861044,130458735626.0,0.1907498779640211
2025-03-12,VIETNAM,VNM,0.5729274506575289,141361159091.0,3.77434496880812
2025-03-12,TAIWAN,TWN,1.2621566780902995,115274122243.0,0.9381444681229574
2025-03-12,INDIA,IND,0.8695212196669246,87735219365.0,2.4006631752267915
2025-03-12,UNITED KINGDOM,GBR,0.8338850406953109,68205970097.0,0.9568484123484456
2025-03-12,SWITZERLAND,CHE,0.2877887764420906,60919464587.0,0.5962607476322337
2025-03-12,MALAYSIA,MYS,0.7395300217193486,51626608290.0,0.6439635839187916
2025-03-12,THAILAND,THA,0.9113097064951864,63282378964.0,1.5883308441545774
2025-03-12,BRAZIL,BRA,0.204310034008549,42749059621.0,1.283186909521001
2025-03-12,SINGAPORE,SGP,0.2833878847386334,42642848286.0,0.0777042630402308
2025-03-12,INDONESIA,IDN,0.2440159265444262,28106070973.0,4.851827159726428
2025-03-12,ISRAEL,ISR,0.6898834281326098,22708195633.0,0.1302083374560647
2025-03-12,SAUDI ARABIA,SAU,0.0410693183216099,12571913684.0,0.3597939274556667
2025-03-12,RUSSIA,RUS,0.0220849204224102,2931845520.0,0.6264000226041924
2025-03-12,COLOMBIA,COL,1.0645000408368934,18310770810.0,0.1414987128005017
2025-03-12,AUSTRALIA,AUS,0.5336434787123797,16680584707.0,0.1154843630386415
2025-03-12,PHILIPPINES,PHL,0.4681154828290823,13930354398.0,1.3606079686473171
2025-03-12,CHILE,CHL,0.0415898966166596,16426746171.0,0.0289320292072832
2025-03-12,TURKEY,TUR,1.6335723025260729,16577520954.0,3.317861883729277
2025-03-12,SOUTH AFRICA,ZAF,0.1159375977215505,14590861017.0,0.2596966618752078
2025-03-12,VENEZUELA,VEN,0.0002021393092907,5684940767.0,0.1419630974318645
2025-03-12,IRAQ,IRQ,5.5624428274434994e-05,7595583687.0,0.0941318046727223
2025-03-12,ECUADOR,ECU,0.0168465729728461,8723106488.0,0.4318083133780035
2025-03-12,COSTA RICA,CRI,0.1272963650379208,11441670778.0,0.108517280744293
2025-03-12,PERU,PER,0.0572339565162693,9605440694.0,0.1023464233779589
2025-03-12,BANGLADESH,BGD,0.0102703580220929,8444238245.0,15.06031083091498
2025-03-12,CAMBODIA,KHM,0.205707605889652,12728558279.0,7.049896660177754
2025-03-12,HONG KONG,HKG,20.02625702409612,5895965378.0,0.989900894224688
2025-03-12,NORWAY,NOR,0.5850611682622333,6521465715.0,0.575496378270847
2025-03-12,DOMINICAN REPUBLIC,DOM,0.4250758757853762,7502813278.0,0.3628772433912622
2025-03-12,ARGENTINA,ARG,0.0930481365710233,7735341905.0,1.041774881959791
2025-03-12,NIGERIA,NGA,0.0004168774824665,6108389412.0,0.0762987701937297
2025-03-12,HONDURAS,HND,0.3125122140968118,5523842740.0,0.4703619603768806
2025-03-12,NEW ZEALAND,NZL,0.4656482743014652,5580064221.0,1.1250411019239055
2025-03-12,SLOVAKIA,SVK,0.4047358284404938,8141337864.0,2.4215965888330806
2025-03-12,UNITED ARAB EMIRATES,ARE,1.9311986807200427,7188011875.0,2.269413320912189
2025-03-12,GUATEMALA,GTM,0.014337458560062,5024213301.0,0.8735477052947678
2025-03-12,PAKISTAN,PAK,0.1651025329486076,5107479031.0,9.589125790382516
2025-03-12,TRINIDAD AND TOBAGO,TTO,0.0027326413826031,3247910632.0,0.0142155389206534
2025-03-12,NICARAGUA,NIC,0.0009908386532907,4640059191.0,1.3320080942045034
2025-03-12,KUWAIT,KWT,0.0013759199280955,1704495990.0,0.1050545739330252
2025-03-12,ALGERIA,DZA,0.0011176216945456,2712545770.0,0.0961585617779271
2025-03-12,SRI LANKA,LKA,0.0978481646762553,3118528089.0,10.121829240961503
2025-03-12,ANGOLA,AGO,0.0,1662167957.0,0.0647056150655899
2025-03-12,EL SALVADOR,SLV,0.0740748993657479,2301947103.0,0.92059912985759
2025-03-12,EGYPT,EGY,0.1348598949521307,2559338157.0,1.8207506840214704
2025-03-12,EUROPEAN UNION,EUU,0.6687299193061911,597473236377.0,1.2290777517549552
2025-04-03,CHINA,CHN,20.640687134464937,429425828419.0,10.865954673194842
2025-04-03,MEXICO,MEX,8.200401203392971,503438605302.0,0.2483985951474333
2025-04-03,CANADA,CAN,9.799271152477235,411693824741.0,0.1004719282005802
2025-04-03,JAPAN,JPN,10.002206457030654,151340030810.0,1.5080061314809772
2025-04-03,"KOREA, SOUTH",KOR,10.36146246637854,130458735626.0,0.1907498779640211
2025-04-03,VIETNAM,VNM,1.219104877769582,141361159091.0,3.77434496880812
2025-04-03,TAIWAN,TWN,1.82168539121322,115274122243.0,0.9381444681229574
2025-04-03,INDIA,IND,1.5935750538600135,87735219365.0,2.4006631752267915
2025-04-03,UNITED KINGDOM,GBR,5.165614036776185,68205970097.0,0.9568484123484456
2025-04-03,SWITZERLAND,CHE,0.4464133534227313,60919464587.0,0.5962607476322337
2025-04-03,MALAYSIA,MYS,1.509710811568017,51626608290.0,0.6439635839187916
2025-04-03,THAILAND,THA,3.0865561704959927,63282378964.0,1.5883308441545774
2025-04-03,BRAZIL,BRA,0.8650421185366639,42749059621.0,1.283186909521001
2025-04-03,SINGAPORE,SGP,0.4667895948576928,42642848286.0,0.0777042630402308
2025-04-03,INDONESIA,IDN,1.4271786214278697,28106070973.0,4.851827159726428
2025-04-03,ISRAEL,ISR,0.8221323416321829,22708195633.0,0.1302083374560647
2025-04-03,SAUDI ARABIA,SAU,0.0688993813330416,12571913684.0,0.3597939274556667
2025-04-03,RUSSIA,RUS,0.03273758775667,2931845520.0,0.6264000226041924
2025-04-03,COLOMBIA,COL,1.2285739119575598,18310770810.0,0.1414987128005017
2025-04-03,AUSTRALIA,AUS,0.7319152694255732,16680584707.0,0.1154843630386415
2025-04-03,PHILIPPINES,PHL,3.001557575663912,13930354398.0,1.3606079686473171
2025-04-03,CHILE,CHL,0.6859157229136198,16426746171.0,0.0289320292072832
2025-04-03,TURKEY,TUR,2.4776878891586773,16577520954.0,3.317861883729277
2025-04-03,SOUTH AFRICA,ZAF,4.482957547795824,14590861017.0,0.2596966618752078
2025-04-03,VENEZUELA,VEN,0.0031537971519554,5684940767.0,0.1419630974318645
2025-04-03,IRAQ,IRQ,0.0006343620449139,7595583687.0,0.0941318046727223
2025-04-03,ECUADOR,ECU,0.1152302481212126,8723106488.0,0.4318083133780035
2025-04-03,COSTA RICA,CRI,0.4635369193804992,11441670778.0,0.108517280744293
2025-04-03,PERU,PER,0.1876284214763587,9605440694.0,0.1023464233779589
2025-04-03,BANGLADESH,BGD,0.018879675155352,8444238245.0,15.06031083091498
2025-04-03,CAMBODIA,KHM,1.618004472586506,12728558279.0,7.049896660177754
2025-04-03,HONG KONG,HKG,20.03777564668732,5895965378.0,0.989900894224688
2025-04-03,NORWAY,NOR,0.9956948305447006,6521465715.0,0.575496378270847
2025-04-03,DOMINICAN REPUBLIC,DOM,0.4680958621612121,7502813278.0,0.3628772433912622
2025-04-03,ARGENTINA,ARG,0.2086263373771324,7735341905.0,1.041774881959791
2025-04-03,NIGERIA,NGA,0.0014956192842015,6108389412.0,0.0762987701937297
2025-04-03,HONDURAS,HND,4.927835812175928,5523842740.0,0.4703619603768806
2025-04-03,NEW ZEALAND,NZL,0.5729732129188696,5580064221.0,1.1250411019239055
2025-04-03,SLOVAKIA,SVK,20.99607250742641,8141337864.0,2.4215965888330806
2025-04-03,UNITED ARAB EMIRATES,ARE,2.2807447017468934,7188011875.0,2.269413320912189
2025-04-03,GUATEMALA,GTM,0.2165962181150636,5024213301.0,0.8735477052947678
2025-04-03,PAKISTAN,PAK,0.3746562224505783,5107479031.0,9.589125790382516
2025-04-03,TRINIDAD AND TOBAGO,TTO,0.0038154682822566,3247910632.0,0.0142155389206534
2025-04-03,NICARAGUA,NIC,3.782394497044682,4640059191.0,1.3320080942045034
2025-04-03,KUWAIT,KWT,0.004534727594167,1704495990.0,0.1050545739330252
2025-04-03,ALGERIA,DZA,0.0196917875417084,2712545770.0,0.0961585617779271
2025-04-03,SRI LANKA,LKA,0.1632121903263703,3118528089.0,10.121829240961503
2025-04-03,ANGOLA,AGO,0.000370585293385,1662167957.0,0.0647056150655899
2025-04-03,EL SALVADOR,SLV,0.8107051081095152,2301947103.0,0.92059912985759
2025-04-03,EGYPT,EGY,0.2058906610518681,2559338157.0,1.8207506840214704
2025-04-03,EUROPEAN UNION,EUU,3.491921460032639,597473236377.0,1.2290777517549552
2025-04-05,CHINA,CHN,50.28401462010338,429425828419.0,10.865954673194842
2025-04-05,MEXICO,MEX,8.200401203392971,503438605302.0,0.2483985951474333
2025-04-05,CANADA,CAN,9.799271152477235,411693824741.0,0.1004719282005802
2025-04-05,JAPAN,JPN,24.400088258281222,151340030810.0,1.5080061314809772
2025-04-05,"KOREA, SOUTH",KOR,25.58554150134486,130458735626.0,0.1907498779640211
2025-04-05,VIETNAM,VNM,44.97595190267356,141361159091.0,3.77434496880812
2025-04-05,TAIWAN,TWN,31.489928090460303,115274122243.0,0.9381444681229574
2025-04-05,INDIA,IND,26.8725139956912,87735219365.0,2.4006631752267915
2025-04-05,UNITED KINGDOM,GBR,13.09936842206571,68205970097.0,0.9568484123484456
2025-04-05,SWITZERLAND,CHE,31.87500426104164,60919464587.0,0.5962607476322337
2025-04-05,MALAYSIA,MYS,24.06038843246272,51626608290.0,0.6439635839187916
2025-04-05,THAILAND,THA,35.51845303816193,63282378964.0,1.5883308441545774
2025-04-05,BRAZIL,BRA,10.519025271122,42749059621.0,1.283186909521001
2025-04-05,SINGAPORE,SGP,10.280073756914616,42642848286.0,0.0777042630402308
2025-04-05,INDONESIA,IDN,31.600389986000195,28106070973.0,4.851827159726428
2025-04-05,ISRAEL,ISR,17.263082349322296,22708195633.0,0.1302083374560647
2025-04-05,SAUDI ARABIA,SAU,10.041339628799824,12571913684.0,0.3597939274556667
2025-04-05,RUSSIA,RUS,10.019642552654002,2931845520.0,0.6264000226041924
2025-04-05,COLOMBIA,COL,10.737144347174535,18310770810.0,0.1414987128005017
2025-04-05,AUSTRALIA,AUS,10.439149161655344,16680584707.0,0.1154843630386415
2025-04-05,PHILIPPINES,PHL,18.840436121185896,13930354398.0,1.3606079686473171
2025-04-05,CHILE,CHL,10.411549433748172,16426746171.0,0.0289320292072832
2025-04-05,TURKEY,TUR,11.486612733495209,16577520954.0,3.317861883729277
2025-04-05,SOUTH AFRICA,ZAF,12.689774528677496,14590861017.0,0.2596966618752078
2025-04-05,VENEZUELA,VEN,15.00126151886078,5684940767.0,0.1419630974318645
2025-04-05,IRAQ,IRQ,38.999644757254856,7595583687.0,0.0941318046727223
2025-04-05,ECUADOR,ECU,10.069138148872728,8723106488.0,0.4318083133780035
2025-04-05,COSTA RICA,CRI,10.2781221516283,11441670778.0,0.108517280744293
2025-04-05,PERU,PER,10.112577052885817,9605440694.0,0.1023464233779589
2025-04-05,BANGLADESH,BGD,36.99093775592543,8444238245.0,15.06031083091498
2025-04-05,CAMBODIA,KHM,47.44671570631695,12728558279.0,7.049896660177754
2025-04-05,HONG KONG,HKG,53.78090124921355,5895965378.0,0.989900894224688
2025-04-05,NORWAY,NOR,16.358450138996094,6521465715.0,0.575496378270847
2025-04-05,DOMINICAN REPUBLIC,DOM,10.280857517296727,7502813278.0,0.3628772433912622
2025-04-05,ARGENTINA,ARG,10.12517580242628,7735341905.0,1.041774881959791
2025-04-05,NIGERIA,NGA,14.000658072485049,6108389412.0,0.0762987701937297
2025-04-05,HONDURAS,HND,12.956701487305557,5523842740.0,0.4703619603768806
2025-04-05,NEW ZEALAND,NZL,10.34378392775132,5580064221.0,1.1250411019239055
2025-04-05,SLOVAKIA,SVK,22.59764350445585,8141337864.0,2.4215965888330806
2025-04-05,UNITED ARAB EMIRATES,ARE,11.368446821048137,7188011875.0,2.269413320912189
2025-04-05,GUATEMALA,GTM,10.129957730869036,5024213301.0,0.8735477052947678
2025-04-05,PAKISTAN,PAK,29.92506875550988,5107479031.0,9.589125790382516
2025-04-05,TRINIDAD AND TOBAGO,TTO,10.002289280969354,3247910632.0,0.0142155389206534
2025-04-05,NICARAGUA,NIC,19.907774679290725,4640059191.0,1.3320080942045034
2025-04-05,KUWAIT,KWT,10.002720836556502,1704495990.0,0.1050545739330252
2025-04-05,ALGERIA,DZA,29.996061642491657,2712545770.0,0.0961585617779271
2025-04-05,SRI LANKA,LKA,43.87595873535196,3118528089.0,10.121829240961503
2025-04-05,ANGOLA,AGO,31.999896236117856,1662167957.0,0.0647056150655899
2025-04-05,EL SALVADOR,SLV,10.48642306486571,2301947103.0,0.92059912985759
2025-04-05,EGYPT,EGY,10.123534396631122,2559338157.0,1.8207506840214704
2025-04-05,EUROPEAN UNION,EUU,20.698384292006526,597473236377.0,1.2290777517549552
2025-04-09,CHINA,CHN,112.18625731070128,429425828419.0,10.865954673194842
2025-04-09,MEXICO,MEX,8.200401203392971,503438605302.0,0.2483985951474333
2025-04-09,CANADA,CAN,9.799271152477235,411693824741.0,0.1004719282005802
2025-04-09,JAPAN,JPN,16.00132387421839,151340030810.0,1.5080061314809772
2025-04-09,"KOREA, SOUTH",KOR,16.216877479827126,130458735626.0,0.1907498779640211
2025-04-09,VIETNAM,VNM,10.731462926661749,141361159091.0,3.77434496880812
2025-04-09,TAIWAN,TWN,11.093011234727932,115274122243.0,0.9381444681229574
2025-04-09,INDIA,IND,10.956145032316009,87735219365.0,2.4006631752267915
2025-04-09,UNITED KINGDOM,GBR,13.09936842206571,68205970097.0,0.9568484123484456
2025-04-09,SWITZERLAND,CHE,10.267848012053635,60919464587.0,0.5962607476322337
2025-04-09,MALAYSIA,MYS,10.905826486940809,51626608290.0,0.6439635839187916
2025-04-09,THAILAND,THA,11.851933702297597,63282378964.0,1.5883308441545774
2025-04-09,BRAZIL,BRA,10.519025271122,42749059621.0,1.283186909521001
2025-04-09,SINGAPORE,SGP,10.280073756914616,42642848286.0,0.0777042630402308
2025-04-09,INDONESIA,IDN,10.856307172856722,28106070973.0,4.851827159726428
2025-04-09,ISRAEL,ISR,10.493279404979312,22708195633.0,0.1302083374560647
2025-04-09,SAUDI ARABIA,SAU,10.041339628799824,12571913684.0,0.3597939274556667
2025-04-09,RUSSIA,RUS,10.019642552654002,2931845520.0,0.6264000226041924
2025-04-09,COLOMBIA,COL,10.737144347174535,18310770810.0,0.1414987128005017
2025-04-09,AUSTRALIA,AUS,10.439149161655344,16680584707.0,0.1154843630386415
2025-04-09,PHILIPPINES,PHL,11.800934545398349,13930354398.0,1.3606079686473171
2025-04-09,CHILE,CHL,10.411549433748172,16426746171.0,0.0289320292072832
2025-04-09,TURKEY,TUR,11.486612733495209,16577520954.0,3.317861883729277
2025-04-09,SOUTH AFRICA,ZAF,12.689774528677496,14590861017.0,0.2596966618752078
2025-04-09,VENEZUELA,VEN,10.001892278291171,5684940767.0,0.1419630974318645
2025-04-09,IRAQ,IRQ,10.000380617226948,7595583687.0,0.0941318046727223
2025-04-09,ECUADOR,ECU,10.069138148872728,8723106488.0,0.4318083133780035
2025-04-09,COSTA RICA,CRI,10.2781221516283,11441670778.0,0.108517280744293
2025-04-09,PERU,PER,10.112577052885817,9605440694.0,0.1023464233779589
2025-04-09,BANGLADESH,BGD,10.011327805093211,8444238245.0,15.06031083091498
2025-04-09,CAMBODIA,KHM,10.970802683551902,12728558279.0,7.049896660177754
2025-04-09,HONG KONG,HKG,124.2444870662536,5895965378.0,0.989900894224688
2025-04-09,NORWAY,NOR,10.59741689832682,6521465715.0,0.575496378270847
2025-04-09,DOMINICAN REPUBLIC,DOM,10.280857517296727,7502813278.0,0.3628772433912622
2025-04-09,ARGENTINA,ARG,10.12517580242628,7735341905.0,1.041774881959791
2025-04-09,NIGERIA,NGA,10.00089737157052,6108389412.0,0.0762987701937297
2025-04-09,HONDURAS,HND,12.956701487305557,5523842740.0,0.4703619603768806
2025-04-09,NEW ZEALAND,NZL,10.34378392775132,5580064221.0,1.1250411019239055
2025-04-09,SLOVAKIA,SVK,22.59764350445585,8141337864.0,2.4215965888330806
2025-04-09,UNITED ARAB EMIRATES,ARE,11.368446821048137,7188011875.0,2.269413320912189
2025-04-09,GUATEMALA,GTM,10.129957730869036,5024213301.0,0.8735477052947678
2025-04-09,PAKISTAN,PAK,10.224793733470348,5107479031.0,9.589125790382516
2025-04-09,TRINIDAD AND TOBAGO,TTO,10.002289280969354,3247910632.0,0.0142155389206534
2025-04-09,NICARAGUA,NIC,12.269436698226809,4640059191.0,1.3320080942045034
2025-04-09,KUWAIT,KWT,10.002720836556502,1704495990.0,0.1050545739330252
2025-04-09,ALGERIA,DZA,10.011815072525026,2712545770.0,0.0961585617779271
2025-04-09,SRI LANKA,LKA,10.097927314195822,3118528089.0,10.121829240961503
2025-04-09,ANGOLA,AGO,10.000222351176031,1662167957.0,0.0647056150655899
2025-04-09,EL SALVADOR,SLV,10.48642306486571,2301947103.0,0.92059912985759
2025-04-09,EGYPT,EGY,10.123534396631122,2559338157.0,1.8207506840214704
2025-04-09,EUROPEAN UNION,EUU,12.095152876019585,597473236377.0,1.2290777517549552
2025-04-11,CHINA,CHN,87.95352012009738,429425828419.0,10.865954673194842
2025-04-11,MEXICO,MEX,7.554979439880055,503438605302.0,0.2483985951474333
2025-04-11,CANADA,CAN,7.835008018423684,411693824741.0,0.1004719282005802
2025-04-11,JAPAN,JPN,15.321154351230572,151340030810.0,1.5080061314809772
2025-04-11,"KOREA, SOUTH",KOR,14.608929306993588,130458735626.0,0.1907498779640211
2025-04-11,VIETNAM,VNM,7.549118834000435,141361159091.0,3.77434496880812
2025-04-11,TAIWAN,TWN,4.578749234041998,115274122243.0,0.9381444681229574
2025-04-11,INDIA,IND,9.707701898899789,87735219365.0,2.4006631752267915
2025-04-11,UNITED KINGDOM,GBR,12.756587002099833,68205970097.0,0.9568484123484456
2025-04-11,SWITZERLAND,CHE,10.138058381619372,60919464587.0,0.5962607476322337
2025-04-11,MALAYSIA,MYS,6.35133697420354,51626608290.0,0.6439635839187916
2025-04-11,THAILAND,THA,8.860056464595965,63282378964.0,1.5883308441545774
2025-04-11,BRAZIL,BRA,9.924462080367874,42749059621.0,1.283186909521001
2025-04-11,SINGAPORE,SGP,9.103328314667166,42642848286.0,0.0777042630402308
2025-04-11,INDONESIA,IDN,10.336713554665511,28106070973.0,4.851827159726428
2025-04-11,ISRAEL,ISR,7.638851194452363,22708195633.0,0.1302083374560647
2025-04-11,SAUDI ARABIA,SAU,9.63146675427015,12571913684.0,0.3597939274556667
2025-04-11,RUSSIA,RUS,9.966507959123303,2931845520.0,0.6264000226041924
2025-04-11,COLOMBIA,COL,7.527846899526564,18310770810.0,0.1414987128005017
2025-04-11,AUSTRALIA,AUS,9.964021156599616,16680584707.0,0.1154843630386415
2025-04-11,PHILIPPINES,PHL,8.522057931063413,13930354398.0,1.3606079686473171
2025-04-11,CHILE,CHL,6.653053441157967,16426746171.0,0.0289320292072832
2025-04-11,TURKEY,TUR,11.362731701421804,16577520954.0,3.317861883729277
2025-04-11,SOUTH AFRICA,ZAF,12.365619615921537,14590861017.0,0.2596966618752078
2025-04-11,VENEZUELA,VEN,1.881736921886208,5684940767.0,0.1419630974318645
2025-04-11,IRAQ,IRQ,8.950748362678134,7595583687.0,0.0941318046727223
2025-04-11,ECUADOR,ECU,5.8988710158229125,8723106488.0,0.4318083133780035
2025-04-11,COSTA RICA,CRI,9.35010530067884,11441670778.0,0.108517280744293
2025-04-11,PERU,PER,8.343946741565297,9605440694.0,0.1023464233779589
2025-04-11,BANGLADESH,BGD,10.011077949518464,8444238245.0,15.06031083091498
2025-04-11,CAMBODIA,KHM,10.93544436486922,12728558279.0,7.049896660177754
2025-04-11,HONG KONG,HKG,120.0478997198752,5895965378.0,0.989900894224688
2025-04-11,NORWAY,NOR,9.212042998527057,6521465715.0,0.575496378270847
2025-04-11,DOMINICAN REPUBLIC,DOM,10.239585252010851,7502813278.0,0.3628772433912622
2025-04-11,ARGENTINA,ARG,9.174878403774969,7735341905.0,1.041774881959791
2025-04-11,NIGERIA,NGA,9.103068538126136,6108389412.0,0.0762987701937297
2025-04-11,HONDURAS,HND,12.949863223296614,5523842740.0,0.4703619603768806
2025-04-11,NEW ZEALAND,NZL,9.881798910572073,5580064221.0,1.1250411019239055
2025-04-11,SLOVAKIA,SVK,22.514437230951906,8141337864.0,2.4215965888330806
2025-04-11,UNITED ARAB EMIRATES,ARE,11.214474016154847,7188011875.0,2.269413320912189
2025-04-11,GUATEMALA,GTM,9.99003140949648,5024213301.0,0.8735477052947678
2025-04-11,PAKISTAN,PAK,10.221881108688198,5107479031.0,9.589125790382516
2025-04-11,TRINIDAD AND TOBAGO,TTO,5.55497000201944,3247910632.0,0.0142155389206534
2025-04-11,NICARAGUA,NIC,12.269029164632482,4640059191.0,1.3320080942045034
2025-04-11,KUWAIT,KWT,5.454332541433553,1704495990.0,0.1050545739330252
2025-04-11,ALGERIA,DZA,9.85569155391616,2712545770.0,0.0961585617779271
2025-04-11,SRI LANKA,LKA,10.077177948420267,3118528089.0,10.121829240961503
2025-04-11,ANGOLA,AGO,7.152897271860957,1662167957.0,0.0647056150655899
2025-04-11,EL SALVADOR,SLV,10.4739720489572,2301947103.0,0.92059912985759
2025-04-11,EGYPT,EGY,10.046744282178109,2559338157.0,1.8207506840214704
2025-04-11,EUROPEAN UNION,EUU,11.5148821282915,597473236377.0,1.2290777517549552
2025-05-12,CHINA,CHN,26.86627418736218,429425828419.0,10.865954673194842
2025-05-12,MEXICO,MEX,7.554979439880055,503438605302.0,0.2483985951474333
2025-05-12,CANADA,CAN,7.835008018423684,411693824741.0,0.1004719282005802
2025-05-12,JAPAN,JPN,15.321154351230572,151340030810.0,1.5080061314809772
2025-05-12,"KOREA, SOUTH",KOR,14.608929306993588,130458735626.0,0.1907498779640211
2025-05-12,VIETNAM,VNM,7.549118834000435,141361159091.0,3.77434496880812
2025-05-12,TAIWAN,TWN,4.578749234041998,115274122243.0,0.9381444681229574
2025-05-12,INDIA,IND,9.707701898899789,87735219365.0,2.4006631752267915
2025-05-12,UNITED KINGDOM,GBR,12.756587002099833,68205970097.0,0.9568484123484456
2025-05-12,SWITZERLAND,CHE,10.138058381619372,60919464587.0,0.5962607476322337
2025-05-12,MALAYSIA,MYS,6.35133697420354,51626608290.0,0.6439635839187916
2025-05-12,THAILAND,THA,8.860056464595965,63282378964.0,1.5883308441545774
2025-05-12,BRAZIL,BRA,9.924462080367874,42749059621.0,1.283186909521001
2025-05-12,SINGAPORE,SGP,9.103328314667166,42642848286.0,0.0777042630402308
2025-05-12,INDONESIA,IDN,10.336713554665511,28106070973.0,4.851827159726428
2025-05-12,ISRAEL,ISR,7.638851194452363,22708195633.0,0.1302083374560647
2025-05-12,SAUDI ARABIA,SAU,9.63146675427015,12571913684.0,0.3597939274556667
2025-05-12,RUSSIA,RUS,9.966507959123303,2931845520.0,0.6264000226041924
2025-05-12,COLOMBIA,COL,7.527846899526564,18310770810.0,0.1414987128005017
2025-05-12,AUSTRALIA,AUS,9.964021156599616,16680584707.0,0.1154843630386415
2025-05-12,PHILIPPINES,PHL,8.522057931063413,13930354398.0,1.3606079686473171
2025-05-12,CHILE,CHL,6.653053441157967,16426746171.0,0.0289320292072832
2025-05-12,TURKEY,TUR,11.362731701421804,16577520954.0,3.317861883729277
2025-05-12,SOUTH AFRICA,ZAF,12.365619615921537,14590861017.0,0.2596966618752078
2025-05-12,VENEZUELA,VEN,1.881736921886208,5684940767.0,0.1419630974318645
2025-05-12,IRAQ,IRQ,8.950748362678134,7595583687.0,0.0941318046727223
2025-05-12,ECUADOR,ECU,5.8988710158229125,8723106488.0,0.4318083133780035
2025-05-12,COSTA RICA,CRI,9.35010530067884,11441670778.0,0.108517280744293
2025-05-12,PERU,PER,8.343946741565297,9605440694.0,0.1023464233779589
2025-05-12,BANGLADESH,BGD,10.011077949518464,8444238245.0,15.06031083091498
2025-05-12,CAMBODIA,KHM,10.93544436486922,12728558279.0,7.049896660177754
2025-05-12,HONG KONG,HKG,28.94954361195709,5895965378.0,0.989900894224688
2025-05-12,NORWAY,NOR,9.212042998527057,6521465715.0,0.575496378270847
2025-05-12,DOMINICAN REPUBLIC,DOM,10.239585252010851,7502813278.0,0.3628772433912622
2025-05-12,ARGENTINA,ARG,9.174878403774969,7735341905.0,1.041774881959791
2025-05-12,NIGERIA,NGA,9.103068538126136,6108389412.0,0.0762987701937297
2025-05-12,HONDURAS,HND,12.949863223296614,5523842740.0,0.4703619603768806
2025-05-12,NEW ZEALAND,NZL,9.881798910572073,5580064221.0,1.1250411019239055
2025-05-12,SLOVAKIA,SVK,22.514437230951906,8141337864.0,2.4215965888330806
2025-05-12,UNITED ARAB EMIRATES,ARE,11.214474016154847,7188011875.0,2.269413320912189
2025-05-12,GUATEMALA,GTM,9.99003140949648,5024213301.0,0.8735477052947678
2025-05-12,PAKISTAN,PAK,10.221881108688198,5107479031.0,9.589125790382516
2025-05-12,TRINIDAD AND TOBAGO,TTO,5.55497000201944,3247910632.0,0.0142155389206534
2025-05-12,NICARAGUA,NIC,12.269029164632482,4640059191.0,1.3320080942045034
2025-05-12,KUWAIT,KWT,5.454332541433553,1704495990.0,0.1050545739330252
2025-05-12,ALGERIA,DZA,9.85569155391616,2712545770.0,0.0961585617779271
2025-05-12,SRI LANKA,LKA,10.077177948420267,3118528089.0,10.121829240961503
2025-05-12,ANGOLA,AGO,7.152897271860957,1662167957.0,0.0647056150655899
2025-05-12,EL SALVADOR,SLV,10.4739720489572,2301947103.0,0.92059912985759
2025-05-12,EGYPT,EGY,10.046744282178109,2559338157.0,1.8207506840214704
2025-05-12,EUROPEAN UNION,EUU,11.5148821282915,597473236377.0,1.2290777517549552
2025-06-03,CHINA,CHN,28.352354171627432,429425828419.0,10.865954673194842
2025-06-03,MEXICO,MEX,9.035287951625886,503438605302.0,0.2483985951474333
2025-06-03,CANADA,CAN,8.790082623653346,411693824741.0,0.1004719282005802
2025-06-03,JAPAN,JPN,16.532021714242177,151340030810.0,1.5080061314809772
2025-06-03,"KOREA, SOUTH",KOR,16.05134213946548,130458735626.0,0.1907498779640211
2025-06-03,VIETNAM,VNM,8.192368029604896,141361159091.0,3.77434496880812
2025-06-03,TAIWAN,TWN,6.073745893714808,115274122243.0,0.9381444681229574
2025-06-03,INDIA,IND,10.58315779883273,87735219365.0,2.4006631752267915
2025-06-03,UNITED KINGDOM,GBR,12.7798936986799,68205970097.0,0.9568484123484456
2025-06-03,SWITZERLAND,CHE,10.436758974662393,60919464587.0,0.5962607476322337
2025-06-03,MALAYSIA,MYS,7.324822328745703,51626608290.0,0.6439635839187916
2025-06-03,THAILAND,THA,9.812241419341088,63282378964.0,1.5883308441545774
2025-06-03,BRAZIL,BRA,10.128938199901182,42749059621.0,1.283186909521001
2025-06-03,SINGAPORE,SGP,9.520492771663353,42642848286.0,0.0777042630402308
2025-06-03,INDONESIA,IDN,10.591089289248554,28106070973.0,4.851827159726428
2025-06-03,ISRAEL,ISR,8.373711330180171,22708195633.0,0.1302083374560647
2025-06-03,SAUDI ARABIA,SAU,9.672549296513289,12571913684.0,0.3597939274556667
2025-06-03,RUSSIA,RUS,9.988592879545712,2931845520.0,0.6264000226041924
2025-06-03,COLOMBIA,COL,8.592388545657297,18310770810.0,0.1414987128005017
2025-06-03,AUSTRALIA,AUS,10.50654076751004,16680584707.0,0.1154843630386415
2025-06-03,PHILIPPINES,PHL,9.090611165512144,13930354398.0,1.3606079686473171
2025-06-03,CHILE,CHL,6.694680139037256,16426746171.0,0.0289320292072832
2025-06-03,TURKEY,TUR,13.00028747802601,16577520954.0,3.317861883729277
2025-06-03,SOUTH AFRICA,ZAF,12.482408239499993,14590861017.0,0.2596966618752078
2025-06-03,VENEZUELA,VEN,1.881939061195499,5684940767.0,0.1419630974318645
2025-06-03,IRAQ,IRQ,8.950803987106408,7595583687.0,0.0941318046727223
2025-06-03,ECUADOR,ECU,5.9157239082187845,8723106488.0,0.4318083133780035
2025-06-03,COSTA RICA,CRI,9.483280630100996,11441670778.0,0.108517280744293
2025-06-03,PERU,PER,8.401192860459506,9605440694.0,0.1023464233779589
2025-06-03,BANGLADESH,BGD,10.021348307540556,8444238245.0,15.06031083091498
2025-06-03,CAMBODIA,KHM,11.142201315838436,12728558279.0,7.049896660177754
2025-06-03,HONG KONG,HKG,29.088065282733417,5895965378.0,0.989900894224688
2025-06-03,NORWAY,NOR,9.801598593545624,6521465715.0,0.575496378270847
2025-06-03,DOMINICAN REPUBLIC,DOM,10.66466112779623,7502813278.0,0.3628772433912622
2025-06-03,ARGENTINA,ARG,9.26792654034599,7735341905.0,1.041774881959791
2025-06-03,NIGERIA,NGA,9.103523355233005,6108389412.0,0.0762987701937297
2025-06-03,HONDURAS,HND,13.263281948537152,5523842740.0,0.4703619603768806
2025-06-03,NEW ZEALAND,NZL,10.680191307783875,5580064221.0,1.1250411019239055
2025-06-03,SLOVAKIA,SVK,22.926296688944294,8141337864.0,2.4215965888330806
2025-06-03,UNITED ARAB EMIRATES,ARE,13.146003525488052,7188011875.0,2.269413320912189
2025-06-03,GUATEMALA,GTM,10.004425787415428,5024213301.0,0.8735477052947678
2025-06-03,PAKISTAN,PAK,10.386983641636805,5107479031.0,9.589125790382516
2025-06-03,TRINIDAD AND TOBAGO,TTO,5.5577339866289766,3247910632.0,0.0142155389206534
2025-06-03,NICARAGUA,NIC,12.270020003285774,4640059191.0,1.3320080942045034
2025-06-03,KUWAIT,KWT,5.455708461361649,1704495990.0,0.1050545739330252
2025-06-03,ALGERIA,DZA,9.856809175610705,2712545770.0,0.0961585617779271
2025-06-03,SRI LANKA,LKA,10.17528530588778,3118528089.0,10.121829240961503
2025-06-03,ANGOLA,AGO,7.152897271860957,1662167957.0,0.0647056150655899
2025-06-03,EL SALVADOR,SLV,10.548046948322948,2301947103.0,0.92059912985759
2025-06-03,EGYPT,EGY,10.181604177130236,2559338157.0,1.8207506840214704
2025-06-03,EUROPEAN UNION,EUU,12.24350178678832,597473236377.0,1.2290777517549552
2025-08-07,CHINA,CHN,30.87828924426501,429425828419.0,10.865954673194842
2025-08-07,MEXICO,MEX,8.526550059826029,503438605302.0,0.2483985951474333
2025-08-07,CANADA,CAN,10.75419462009076,411693824741.0,0.1004719282005802
2025-08-07,JAPAN,JPN,15.420402690778332,151340030810.0,1.5080061314809772
2025-08-07,"KOREA, SOUTH",KOR,14.178900527274072,130458735626.0,0.1907498779640211
2025-08-07,VIETNAM,VNM,14.73877877786621,141361159091.0,3.77434496880812
2025-08-07,TAIWAN,TWN,9.106079281976424,115274122243.0,0.9381444681229574
2025-08-07,INDIA,IND,43.032059852934296,87735219365.0,2.4006631752267915
2025-08-07,UNITED KINGDOM,GBR,12.87823122867121,68205970097.0,0.9568484123484456
2025-08-07,SWITZERLAND,CHE,38.57839786212631,60919464587.0,0.5962607476322337
2025-08-07,MALAYSIA,MYS,12.049750053258826,51626608290.0,0.6439635839187916
2025-08-07,THAILAND,THA,15.17144055611708,63282378964.0,1.5883308441545774
2025-08-07,BRAZIL,BRA,27.18794270632454,42749059621.0,1.283186909521001
2025-08-07,SINGAPORE,SGP,9.53923642510412,42642848286.0,0.0777042630402308
2025-08-07,INDONESIA,IDN,18.80981413374587,28106070973.0,4.851827159726428
2025-08-07,ISRAEL,ISR,11.874979798840808,22708195633.0,0.1302083374560647
2025-08-07,SAUDI ARABIA,SAU,9.673042933373672,12571913684.0,0.3597939274556667
2025-08-07,RUSSIA,RUS,9.987354766904636,2931845520.0,0.6264000226041924
2025-08-07,COLOMBIA,COL,8.589720256839367,18310770810.0,0.1414987128005017
2025-08-07,AUSTRALIA,AUS,10.537589358977138,16680584707.0,0.1154843630386415
2025-08-07,PHILIPPINES,PHL,14.653151545182965,13930354398.0,1.3606079686473171
2025-08-07,CHILE,CHL,6.895058146996677,16426746171.0,0.0289320292072832
2025-08-07,TURKEY,TUR,17.068459510330232,16577520954.0,3.317861883729277
2025-08-07,SOUTH AFRICA,ZAF,28.275200166688013,14590861017.0,0.2596966618752078
2025-08-07,VENEZUELA,VEN,2.824988336417613,5684940767.0,0.1419630974318645
2025-08-07,IRAQ,IRQ,31.326088988689463,7595583687.0,0.0941318046727223
2025-08-07,ECUADOR,ECU,8.824729605891749,8723106488.0,0.4318083133780035
2025-08-07,COSTA RICA,CRI,14.091969261169734,11441670778.0,0.108517280744293
2025-08-07,PERU,PER,9.946198395631882,9605440694.0,0.1023464233779589
2025-08-07,BANGLADESH,BGD,20.01991811459128,8444238245.0,15.06031083091498
2025-08-07,CAMBODIA,KHM,19.602891428140826,12728558279.0,7.049896660177754
2025-08-07,HONG KONG,HKG,32.938824610750615,5895965378.0,0.989900894224688
2025-08-07,NORWAY,NOR,13.937559092879477,6521465715.0,0.575496378270847
2025-08-07,DOMINICAN REPUBLIC,DOM,10.762804761752728,7502813278.0,0.3628772433912622
2025-08-07,ARGENTINA,ARG,9.267975754072372,7735341905.0,1.041774881959791
2025-08-07,NIGERIA,NGA,13.654778984971498,6108389412.0,0.0762987701937297
2025-08-07,HONDURAS,HND,13.11547589875812,5523842740.0,0.4703619603768806
2025-08-07,NEW ZEALAND,NZL,15.5353837378353,5580064221.0,1.1250411019239055
2025-08-07,SLOVAKIA,SVK,22.83947433593453,8141337864.0,2.4215965888330806
2025-08-07,UNITED ARAB EMIRATES,ARE,13.201447478131772,7188011875.0,2.269413320912189
2025-08-07,GUATEMALA,GTM,10.00444233129902,5024213301.0,0.8735477052947678
2025-08-07,PAKISTAN,PAK,19.26613316134043,5107479031.0,9.589125790382516
2025-08-07,TRINIDAD AND TOBAGO,TTO,8.333326925111034,3247910632.0,0.0142155389206534
2025-08-07,NICARAGUA,NIC,19.05932773735601,4640059191.0,1.3320080942045034
2025-08-07,KUWAIT,KWT,5.455931236893084,1704495990.0,0.1050545739330252
2025-08-07,ALGERIA,DZA,29.5288087083596,2712545770.0,0.0961585617779271
2025-08-07,SRI LANKA,LKA,20.093132734967003,3118528089.0,10.121829240961503
2025-08-07,ANGOLA,AGO,10.729160615144744,1662167957.0,0.0647056150655899
2025-08-07,EL SALVADOR,SLV,10.548790286429096,2301947103.0,0.92059912985759
2025-08-07,EGYPT,EGY,10.180655709264292,2559338157.0,1.8207506840214704
2025-08-07,EUROPEAN UNION,EUU,15.200710194823408,597473236377.0,1.2290777517549552
2025-11-14,CHINA,CHN,18.87485633253861,429425828419.0,10.865954673194842
2025-11-14,MEXICO,MEX,8.253451851160595,503438605302.0,0.2483985951474333
2025-11-14,CANADA,CAN,9.982857351517987,411693824741.0,0.1004719282005802
2025-11-14,JAPAN,JPN,14.33221329512692,151340030810.0,1.5080061314809772
2025-11-14,"KOREA, SOUTH",KOR,13.307981476397142,130458735626.0,0.1907498779640211
2025-11-14,VIETNAM,VNM,14.35192988117036,141361159091.0,3.77434496880812
2025-11-14,TAIWAN,TWN,8.823284738971527,115274122243.0,0.9381444681229574
2025-11-14,INDIA,IND,33.00476850212523,87735219365.0,2.4006631752267915
2025-11-14,UNITED KINGDOM,GBR,10.95057421436561,68205970097.0,0.9568484123484456
2025-11-14,SWITZERLAND,CHE,6.575694994461327,60919464587.0,0.5962607476322337
2025-11-14,MALAYSIA,MYS,11.521501498273228,51626608290.0,0.6439635839187916
2025-11-14,THAILAND,THA,14.625316192482453,63282378964.0,1.5883308441545774
2025-11-14,BRAZIL,BRA,22.488184046573696,42749059621.0,1.283186909521001
2025-11-14,SINGAPORE,SGP,4.159714572308154,42642848286.0,0.0777042630402308
2025-11-14,INDONESIA,IDN,17.485343655258834,28106070973.0,4.851827159726428
2025-11-14,ISRAEL,ISR,10.37188326172987,22708195633.0,0.1302083374560647
2025-11-14,SAUDI ARABIA,SAU,1.236959264188343,12571913684.0,0.3597939274556667
2025-11-14,RUSSIA,RUS,0.953582847707474,2931845520.0,0.6264000226041924
2025-11-14,COLOMBIA,COL,5.258599191925553,18310770810.0,0.1414987128005017
2025-11-14,AUSTRALIA,AUS,5.982685411388559,16680584707.0,0.1154843630386415
2025-11-14,PHILIPPINES,PHL,13.210762002108252,13930354398.0,1.3606079686473171
2025-11-14,CHILE,CHL,5.952021711859688,16426746171.0,0.0289320292072832
2025-11-14,TURKEY,TUR,15.638102703917715,16577520954.0,3.317861883729277
2025-11-14,SOUTH AFRICA,ZAF,12.34392791900034,14590861017.0,0.2596966618752078
2025-11-14,VENEZUELA,VEN,1.9369069672489692,5684940767.0,0.1419630974318645
2025-11-14,IRAQ,IRQ,0.751686897976245,7595583687.0,0.0941318046727223
2025-11-14,ECUADOR,ECU,5.562030158263499,8723106488.0,0.4318083133780035
2025-11-14,COSTA RICA,CRI,11.570798357924923,11441670778.0,0.108517280744293
2025-11-14,PERU,PER,7.419898775130576,9605440694.0,0.1023464233779589
2025-11-14,BANGLADESH,BGD,19.944040762317453,8444238245.0,15.06031083091498
2025-11-14,CAMBODIA,KHM,19.57148323105855,12728558279.0,7.049896660177754
2025-11-14,HONG KONG,HKG,15.110497269443092,5895965378.0,0.989900894224688
2025-11-14,NORWAY,NOR,9.731923436171895,6521465715.0,0.575496378270847
2025-11-14,DOMINICAN REPUBLIC,DOM,10.029375365857264,7502813278.0,0.3628772433912622
2025-11-14,ARGENTINA,ARG,4.654118708279643,7735341905.0,1.041774881959791
2025-11-14,NIGERIA,NGA,0.6749950571094993,6108389412.0,0.0762987701937297
2025-11-14,HONDURAS,HND,11.346071569191704,5523842740.0,0.4703619603768806
2025-11-14,NEW ZEALAND,NZL,11.519750544820836,5580064221.0,1.1250411019239055
2025-11-14,SLOVAKIA,SVK,22.810947378341112,8141337864.0,2.4215965888330806
2025-11-14,UNITED ARAB EMIRATES,ARE,10.515918417288368,7188011875.0,2.269413320912189
2025-11-14,GUATEMALA,GTM,6.485930946346181,5024213301.0,0.8735477052947678
2025-11-14,PAKISTAN,PAK,18.882883002677172,5107479031.0,9.589125790382516
2025-11-14,TRINIDAD AND TOBAGO,TTO,6.323432235988937,3247910632.0,0.0142155389206534
2025-11-14,NICARAGUA,NIC,14.428916273279498,4640059191.0,1.3320080942045034
2025-11-14,KUWAIT,KWT,0.4618521601802067,1704495990.0,0.1050545739330252
2025-11-14,ALGERIA,DZA,2.9515250778607136,2712545770.0,0.0961585617779271
2025-11-14,SRI LANKA,LKA,18.881510016759705,3118528089.0,10.121829240961503
2025-11-14,ANGOLA,AGO,2.625495577400305,1662167957.0,0.0647056150655899
2025-11-14,EL SALVADOR,SLV,9.834150068217271,2301947103.0,0.92059912985759
2025-11-14,EGYPT,EGY,9.365274914705225,2559338157.0,1.8207506840214704
2025-11-14,EUROPEAN UNION,EUU,11.12922149157035,597473236377.0,1.2290777517549552
2025-12-04,CHINA,CHN,18.87485633253861,429425828419.0,10.865954673194842
2025-12-04,MEXICO,MEX,8.253451851160595,503438605302.0,0.2483985951474333
2025-12-04,CANADA,CAN,9.982857351517987,411693824741.0,0.1004719282005802
2025-12-04,JAPAN,JPN,14.33221329512692,151340030810.0,1.5080061314809772
2025-12-04,"KOREA, SOUTH",KOR,13.307981476397142,130458735626.0,0.1907498779640211
2025-12-04,VIETNAM,VNM,14.35192988117036,141361159091.0,3.77434496880812
2025-12-04,TAIWAN,TWN,8.823284738971527,115274122243.0,0.9381444681229574
2025-12-04,INDIA,IND,33.00476850212523,87735219365.0,2.4006631752267915
2025-12-04,UNITED KINGDOM,GBR,10.95057421436561,68205970097.0,0.9568484123484456
2025-12-04,SWITZERLAND,CHE,6.575694994461327,60919464587.0,0.5962607476322337
2025-12-04,MALAYSIA,MYS,11.521501498273228,51626608290.0,0.6439635839187916
2025-12-04,THAILAND,THA,14.625316192482453,63282378964.0,1.5883308441545774
2025-12-04,BRAZIL,BRA,22.488184046573696,42749059621.0,1.283186909521001
2025-12-04,SINGAPORE,SGP,4.159714572308154,42642848286.0,0.0777042630402308
2025-12-04,INDONESIA,IDN,17.485343655258834,28106070973.0,4.851827159726428
2025-12-04,ISRAEL,ISR,10.37188326172987,22708195633.0,0.1302083374560647
2025-12-04,SAUDI ARABIA,SAU,1.236959264188343,12571913684.0,0.3597939274556667
2025-12-04,RUSSIA,RUS,0.953582847707474,2931845520.0,0.6264000226041924
2025-12-04,COLOMBIA,COL,5.258599191925553,18310770810.0,0.1414987128005017
2025-12-04,AUSTRALIA,AUS,5.982685411388559,16680584707.0,0.1154843630386415
2025-12-04,PHILIPPINES,PHL,13.210762002108252,13930354398.0,1.3606079686473171
2025-12-04,CHILE,CHL,5.952021711859688,16426746171.0,0.0289320292072832
2025-12-04,TURKEY,TUR,15.638102703917715,16577520954.0,3.317861883729277
2025-12-04,SOUTH AFRICA,ZAF,12.34392791900034,14590861017.0,0.2596966618752078
2025-12-04,VENEZUELA,VEN,1.9369069672489692,5684940767.0,0.1419630974318645
2025-12-04,IRAQ,IRQ,0.751686897976245,7595583687.0,0.0941318046727223
2025-12-04,ECUADOR,ECU,5.562030158263499,8723106488.0,0.4318083133780035
2025-12-04,COSTA RICA,CRI,11.570798357924923,11441670778.0,0.108517280744293
2025-12-04,PERU,PER,7.419898775130576,9605440694.0,0.1023464233779589
2025-12-04,BANGLADESH,BGD,19.944040762317453,8444238245.0,15.06031083091498
2025-12-04,CAMBODIA,KHM,19.57148323105855,12728558279.0,7.049896660177754
2025-12-04,HONG KONG,HKG,15.110497269443092,5895965378.0,0.989900894224688
2025-12-04,NORWAY,NOR,9.731923436171895,6521465715.0,0.575496378270847
2025-12-04,DOMINICAN REPUBLIC,DOM,10.029375365857264,7502813278.0,0.3628772433912622
2025-12-04,ARGENTINA,ARG,4.654118708279643,7735341905.0,1.041774881959791
2025-12-04,NIGERIA,NGA,0.6749950571094993,6108389412.0,0.0762987701937297
2025-12-04,HONDURAS,HND,11.346071569191704,5523842740.0,0.4703619603768806
2025-12-04,NEW ZEALAND,NZL,11.519750544820836,5580064221.0,1.1250411019239055
2025-12-04,SLOVAKIA,SVK,22.810947378341112,8141337864.0,2.4215965888330806
2025-12-04,UNITED ARAB EMIRATES,ARE,10.515918417288368,7188011875.0,2.269413320912189
2025-12-04,GUATEMALA,GTM,6.485930946346181,5024213301.0,0.8735477052947678
2025-12-04,PAKISTAN,PAK,18.882883002677172,5107479031.0,9.589125790382516
2025-12-04,TRINIDAD AND TOBAGO,TTO,6.323432235988937,3247910632.0,0.0142155389206534
2025-12-04,NICARAGUA,NIC,14.428916273279498,4640059191.0,1.3320080942045034
2025-12-04,KUWAIT,KWT,0.4618521601802067,1704495990.0,0.1050545739330252
2025-12-04,ALGERIA,DZA,2.9515250778607136,2712545770.0,0.0961585617779271
2025-12-04,SRI LANKA,LKA,18.881510016759705,3118528089.0,10.121829240961503
2025-12-04,ANGOLA,AGO,2.625495577400305,1662167957.0,0.0647056150655899
2025-12-04,EL SALVADOR,SLV,9.834150068217271,2301947103.0,0.92059912985759
2025-12-04,EGYPT,EGY,9.365274914705225,2559338157.0,1.8207506840214704
2025-12-04,EUROPEAN UNION,EUU,11.12922149157035,597473236377.0,1.2290777517549552
2026-02-07,CHINA,CHN,18.87485633253861,429425828419.0,10.865954673194842
2026-02-07,MEXICO,MEX,8.253451851160595,503438605302.0,0.2483985951474333
2026-02-07,CANADA,CAN,9.982857351517987,411693824741.0,0.1004719282005802
2026-02-07,JAPAN,JPN,14.33221329512692,151340030810.0,1.5080061314809772
2026-02-07,"KOREA, SOUTH",KOR,13.307981476397142,130458735626.0,0.1907498779640211
2026-02-07,VIETNAM,VNM,14.35192988117036,141361159091.0,3.77434496880812
2026-02-07,TAIWAN,TWN,8.823284738971527,115274122243.0,0.9381444681229574
2026-02-07,INDIA,IND,13.524626060972292,87735219365.0,2.4006631752267915
2026-02-07,UNITED KINGDOM,GBR,10.95057421436561,68205970097.0,0.9568484123484456
2026-02-07,SWITZERLAND,CHE,6.575694994461327,60919464587.0,0.5962607476322337
2026-02-07,MALAYSIA,MYS,11.521501498273228,51626608290.0,0.6439635839187916
2026-02-07,THAILAND,THA,14.625316192482453,63282378964.0,1.5883308441545774
2026-02-07,BRAZIL,BRA,22.488184046573696,42749059621.0,1.283186909521001
2026-02-07,SINGAPORE,SGP,4.159714572308154,42642848286.0,0.0777042630402308
2026-02-07,INDONESIA,IDN,17.485343655258834,28106070973.0,4.851827159726428
2026-02-07,ISRAEL,ISR,10.37188326172987,22708195633.0,0.1302083374560647
2026-02-07,SAUDI ARABIA,SAU,1.236959264188343,12571913684.0,0.3597939274556667
2026-02-07,RUSSIA,RUS,0.953582847707474,2931845520.0,0.6264000226041924
2026-02-07,COLOMBIA,COL,5.258599191925553,18310770810.0,0.1414987128005017
2026-02-07,AUSTRALIA,AUS,5.982685411388559,16680584707.0,0.1154843630386415
2026-02-07,PHILIPPINES,PHL,13.210762002108252,13930354398.0,1.3606079686473171
2026-02-07,CHILE,CHL,5.952021711859688,16426746171.0,0.0289320292072832
2026-02-07,TURKEY,TUR,15.638102703917715,16577520954.0,3.317861883729277
2026-02-07,SOUTH AFRICA,ZAF,12.34392791900034,14590861017.0,0.2596966618752078
2026-02-07,VENEZUELA,VEN,1.9369069672489692,5684940767.0,0.1419630974318645
2026-02-07,IRAQ,IRQ,0.751686897976245,7595583687.0,0.0941318046727223
2026-02-07,ECUADOR,ECU,5.562030158263499,8723106488.0,0.4318083133780035
2026-02-07,COSTA RICA,CRI,11.570798357924923,11441670778.0,0.108517280744293
2026-02-07,PERU,PER,7.419898775130576,9605440694.0,0.1023464233779589
2026-02-07,BANGLADESH,BGD,19.944040762317453,8444238245.0,15.06031083091498
2026-02-07,CAMBODIA,KHM,19.57148323105855,12728558279.0,7.049896660177754
2026-02-07,HONG KONG,HKG,15.110497269443092,5895965378.0,0.989900894224688
2026-02-07,NORWAY,NOR,9.731923436171895,6521465715.0,0.575496378270847
2026-02-07,DOMINICAN REPUBLIC,DOM,10.029375365857264,7502813278.0,0.3628772433912622
2026-02-07,ARGENTINA,ARG,4.654118708279643,7735341905.0,1.041774881959791
2026-02-07,NIGERIA,NGA,0.6749950571094993,6108389412.0,0.0762987701937297
2026-02-07,HONDURAS,HND,11.346071569191704,5523842740.0,0.4703619603768806
2026-02-07,NEW ZEALAND,NZL,11.519750544820836,5580064221.0,1.1250411019239055
2026-02-07,SLOVAKIA,SVK,22.810947378341112,8141337864.0,2.4215965888330806
2026-02-07,UNITED ARAB EMIRATES,ARE,10.515918417288368,7188011875.0,2.269413320912189
2026-02-07,GUATEMALA,GTM,6.485930946346181,5024213301.0,0.8735477052947678
2026-02-07,PAKISTAN,PAK,18.882883002677172,5107479031.0,9.589125790382516
2026-02-07,TRINIDAD AND TOBAGO,TTO,6.323432235988937,3247910632.0,0.0142155389206534
2026-02-07,NICARAGUA,NIC,14.428916273279498,4640059191.0,1.3320080942045034
2026-02-07,KUWAIT,KWT,0.4618521601802067,1704495990.0,0.1050545739330252
2026-02-07,ALGERIA,DZA,2.9515250778607136,2712545770.0,0.0961585617779271
2026-02-07,SRI LANKA,LKA,18.881510016759705,3118528089.0,10.121829240961503
2026-02-07,ANGOLA,AGO,2.625495577400305,1662167957.0,0.0647056150655899
2026-02-07,EL SALVADOR,SLV,9.834150068217271,2301947103.0,0.92059912985759
2026-02-07,EGYPT,EGY,9.365274914705225,2559338157.0,1.8207506840214704
2026-02-07,EUROPEAN UNION,EUU,11.12922149157035,597473236377.0,1.2290777517549552
2026-02-20,CHINA,CHN,4.6640548386990845,429425828419.0,10.865954673194842
2026-02-20,MEXICO,MEX,6.076603916191262,503438605302.0,0.2483985951474333
2026-02-20,CANADA,CAN,2.969329963448095,411693824741.0,0.1004719282005802
2026-02-20,JAPAN,JPN,6.6219220326654025,151340030810.0,1.5080061314809772
2026-02-20,"KOREA, SOUTH",KOR,7.555769657471295,130458735626.0,0.1907498779640211
2026-02-20,VIETNAM,VNM,1.911535049037412,141361159091.0,3.77434496880812
2026-02-20,TAIWAN,TWN,2.7488902336382117,115274122243.0,0.9381444681229574
2026-02-20,INDIA,IND,2.5563510315273943,87735219365.0,2.4006631752267915
2026-02-20,UNITED KINGDOM,GBR,2.6268226395753658,68205970097.0,0.9568484123484456
2026-02-20,SWITZERLAND,CHE,0.729214616398316,60919464587.0,0.5962607476322337
2026-02-20,MALAYSIA,MYS,1.9876293189470728,51626608290.0,0.6439635839187916
2026-02-20,THAILAND,THA,4.197670430122676,63282378964.0,1.5883308441545774
2026-02-20,BRAZIL,BRA,1.3107155454824315,42749059621.0,1.283186909521001
2026-02-20,SINGAPORE,SGP,0.5101808972535855,42642848286.0,0.0777042630402308
2026-02-20,INDONESIA,IDN,1.9667143133631624,28106070973.0,4.851827159726428
2026-02-20,ISRAEL,ISR,1.5179330551877142,22708195633.0,0.1302083374560647
2026-02-20,SAUDI ARABIA,SAU,0.1105592978870789,12571913684.0,0.3597939274556667
2026-02-20,RUSSIA,RUS,0.0536763956103662,2931845520.0,0.6264000226041924
2026-02-20,COLOMBIA,COL,2.291296038836718,18310770810.0,0.1414987128005017
2026-02-20,AUSTRALIA,AUS,1.2992513740183964,16680584707.0,0.1154843630386415
2026-02-20,PHILIPPINES,PHL,4.085922990456858,13930354398.0,1.3606079686473171
2026-02-20,CHILE,CHL,0.9278891824546962,16426746171.0,0.0289320292072832
2026-02-20,TURKEY,TUR,3.750888409222396,16577520954.0,3.317861883729277
2026-02-20,SOUTH AFRICA,ZAF,4.624256695433369,14590861017.0,0.2596966618752078
2026-02-20,VENEZUELA,VEN,0.0076606602926809,5684940767.0,0.1419630974318645
2026-02-20,IRAQ,IRQ,0.0006899864731883,7595583687.0,0.0941318046727223
2026-02-20,ECUADOR,ECU,0.1554653553599952,8723106488.0,0.4318083133780035
2026-02-20,COSTA RICA,CRI,0.8269091100044585,11441670778.0,0.108517280744293
2026-02-20,PERU,PER,1.896500184669195,9605440694.0,0.1023464233779589
2026-02-20,BANGLADESH,BGD,0.039757597459876,8444238245.0,15.06031083091498
2026-02-20,CAMBODIA,KHM,1.953315892501324,12728558279.0,7.049896660177754
2026-02-20,HONG KONG,HKG,0.3511562216300382,5895965378.0,0.989900894224688
2026-02-20,NORWAY,NOR,1.6106121014852255,6521465715.0,0.575496378270847
2026-02-20,DOMINICAN REPUBLIC,DOM,1.016274428334507,7502813278.0,0.3628772433912622
2026-02-20,ARGENTINA,ARG,0.3025785936478266,7735341905.0,1.041774881959791
2026-02-20,NIGERIA,NGA,0.0023482090011847,6108389412.0,0.0762987701937297
2026-02-20,HONDURAS,HND,5.097945977187613,5523842740.0,0.4703619603768806
2026-02-20,NEW ZEALAND,NZL,0.419676675258824,5580064221.0,1.1250411019239055
2026-02-20,SLOVAKIA,SVK,21.30963817902055,8141337864.0,2.4215965888330806
2026-02-20,UNITED ARAB EMIRATES,ARE,4.268590868180779,7188011875.0,2.269413320912189
2026-02-20,GUATEMALA,GTM,0.2308405178118451,5024213301.0,0.8735477052947678
2026-02-20,PAKISTAN,PAK,0.560018187571488,5107479031.0,9.589125790382516
2026-02-20,TRINIDAD AND TOBAGO,TTO,0.0064854232109918,3247910632.0,0.0142155389206534
2026-02-20,NICARAGUA,NIC,3.783385335697972,4640059191.0,1.3320080942045034
2026-02-20,KUWAIT,KWT,0.0061891169365555,1704495990.0,0.1050545739330252
2026-02-20,ALGERIA,DZA,0.0208094092362541,2712545770.0,0.0961585617779271
2026-02-20,SRI LANKA,LKA,0.2665794330768973,3118528089.0,10.121829240961503
2026-02-20,ANGOLA,AGO,0.000370585293385,1662167957.0,0.0647056150655899
2026-02-20,EL SALVADOR,SLV,0.8857197445340255,2301947103.0,0.92059912985759
2026-02-20,EGYPT,EGY,0.340324918619185,2559338157.0,1.8207506840214704
2026-02-20,EUROPEAN UNION,EUU,2.990300591586092,597473236377.0,1.2290777517549552
2026-04-06,CHINA,CHN,10.187387722662749,429425828419.0,10.865954673194842
2026-04-06,MEXICO,MEX,7.59725405002588,503438605302.0,0.2483985951474333
2026-04-06,CANADA,CAN,5.638700996390761,411693824741.0,0.1004719282005802
2026-04-06,JAPAN,JPN,12.7003985868952,151340030810.0,1.5080061314809772
2026-04-06,"KOREA, SOUTH",KOR,12.876379808675797,130458735626.0,0.1907498779640211
2026-04-06,VIETNAM,VNM,8.239321417138507,141361159091.0,3.77434496880812
2026-04-06,TAIWAN,TWN,5.824007221237098,115274122243.0,0.9381444681229574
2026-04-06,INDIA,IND,9.583241766993444,87735219365.0,2.4006631752267915
2026-04-06,UNITED KINGDOM,GBR,8.098461983598344,68205970097.0,0.9568484123484456
2026-04-06,SWITZERLAND,CHE,4.4150210837932296,60919464587.0,0.5962607476322337
2026-04-06,MALAYSIA,MYS,6.491003936044159,51626608290.0,0.6439635839187916
2026-04-06,THAILAND,THA,10.208672472356202,63282378964.0,1.5883308441545774
2026-04-06,BRAZIL,BRA,10.58425682439411,42749059621.0,1.283186909521001
2026-04-06,SINGAPORE,SGP,4.406215678413934,42642848286.0,0.0777042630402308
2026-04-06,INDONESIA,IDN,10.355916763307462,28106070973.0,4.851827159726428
2026-04-06,ISRAEL,ISR,6.465150529690259,22708195633.0,0.1302083374560647
2026-04-06,SAUDI ARABIA,SAU,1.5146560944205734,12571913684.0,0.3597939274556667
2026-04-06,RUSSIA,RUS,0.9935012571876572,2931845520.0,0.6264000226041924
2026-04-06,COLOMBIA,COL,5.5390175698998885,18310770810.0,0.1414987128005017
2026-04-06,AUSTRALIA,AUS,6.503291593817869,16680584707.0,0.1154843630386415
2026-04-06,PHILIPPINES,PHL,8.272571006631757,13930354398.0,1.3606079686473171
2026-04-06,CHILE,CHL,6.09978952690545,16426746171.0,0.0289320292072832
2026-04-06,TURKEY,TUR,13.73313797441272,16577520954.0,3.317861883729277
2026-04-06,SOUTH AFRICA,ZAF,7.772642401148575,14590861017.0,0.2596966618752078
2026-04-06,VENEZUELA,VEN,1.341084506852875,5684940767.0,0.1419630974318645
2026-04-06,IRAQ,IRQ,0.1782477767070384,7595583687.0,0.0941318046727223
2026-04-06,ECUADOR,ECU,4.137389686191344,8723106488.0,0.4318083133780035
2026-04-06,COSTA RICA,CRI,7.937257965385587,11441670778.0,0.108517280744293
2026-04-06,PERU,PER,7.474125062772471,9605440694.0,0.1023464233779589
2026-04-06,BANGLADESH,BGD,9.974383839758657,8444238245.0,15.06031083091498
2026-04-06,CAMBODIA,KHM,11.01585294120332,12728558279.0,7.049896660177754
2026-04-06,HONG KONG,HKG,7.676867347099948,5895965378.0,0.989900894224688
2026-04-06,NORWAY,NOR,6.712746411333392,6521465715.0,0.575496378270847
2026-04-06,DOMINICAN REPUBLIC,DOM,10.166756065177395,7502813278.0,0.3628772433912622
2026-04-06,ARGENTINA,ARG,7.63104937311753,7735341905.0,1.041774881959791
2026-04-06,NIGERIA,NGA,0.3989428793149117,6108389412.0,0.0762987701937297
2026-04-06,HONDURAS,HND,11.540063409734216,5523842740.0,0.4703619603768806
2026-04-06,NEW ZEALAND,NZL,7.859225892948733,5580064221.0,1.1250411019239055
2026-04-06,SLOVAKIA,SVK,22.88564027404919,8141337864.0,2.4215965888330806
2026-04-06,UNITED ARAB EMIRATES,ARE,16.328980526343383,7188011875.0,2.269413320912189
2026-04-06,GUATEMALA,GTM,6.718094377737089,5024213301.0,0.8735477052947678
2026-04-06,PAKISTAN,PAK,10.11527249674968,5107479031.0,9.589125790382516
2026-04-06,TRINIDAD AND TOBAGO,TTO,4.3123210371017375,3247910632.0,0.0142155389206534
2026-04-06,NICARAGUA,NIC,9.68512629260552,4640059191.0,1.3320080942045034
2026-04-06,KUWAIT,KWT,0.4591376451404851,1704495990.0,0.1050545739330252
2026-04-06,ALGERIA,DZA,2.0808694262143272,2712545770.0,0.0961585617779271
2026-04-06,SRI LANKA,LKA,10.700626984155408,3118528089.0,10.121829240961503
2026-04-06,ANGOLA,AGO,1.6867140009485817,1662167957.0,0.0647056150655899
2026-04-06,EL SALVADOR,SLV,10.279065422121477,2301947103.0,0.92059912985759
2026-04-06,EGYPT,EGY,11.879801438837376,2559338157.0,1.8207506840214704
2026-04-06,EUROPEAN UNION,EUU,8.939733420133852,597473236377.0,1.2290777517549552
2025-02-04,AUSTRIA,AUT,0.0,597473236377.0,1.2290777517549552
2025-03-06,AUSTRIA,AUT,0.0,597473236377.0,1.2290777517549552
2025-03-12,AUSTRIA,AUT,0.6687299193061911,597473236377.0,1.2290777517549552
2025-04-03,AUSTRIA,AUT,3.491921460032639,597473236377.0,1.2290777517549552
2025-04-05,AUSTRIA,AUT,20.698384292006526,597473236377.0,1.2290777517549552
2025-04-09,AUSTRIA,AUT,12.095152876019585,597473236377.0,1.2290777517549552
2025-04-11,AUSTRIA,AUT,11.5148821282915,597473236377.0,1.2290777517549552
2025-05-12,AUSTRIA,AUT,11.5148821282915,597473236377.0,1.2290777517549552
2025-06-03,AUSTRIA,AUT,12.24350178678832,597473236377.0,1.2290777517549552
2025-08-07,AUSTRIA,AUT,15.200710194823408,597473236377.0,1.2290777517549552
2025-11-14,AUSTRIA,AUT,11.12922149157035,597473236377.0,1.2290777517549552
2025-12-04,AUSTRIA,AUT,11.12922149157035,597473236377.0,1.2290777517549552
2026-02-07,AUSTRIA,AUT,11.12922149157035,597473236377.0,1.2290777517549552
2026-02-20,AUSTRIA,AUT,2.990300591586092,597473236377.0,1.2290777517549552
2026-04-06,AUSTRIA,AUT,8.939733420133852,597473236377.0,1.2290777517549552
2025-02-04,BELGIUM,BEL,0.0,597473236377.0,1.2290777517549552
2025-03-06,BELGIUM,BEL,0.0,597473236377.0,1.2290777517549552
2025-03-12,BELGIUM,BEL,0.6687299193061911,597473236377.0,1.2290777517549552
2025-04-03,BELGIUM,BEL,3.491921460032639,597473236377.0,1.2290777517549552
2025-04-05,BELGIUM,BEL,20.698384292006526,597473236377.0,1.2290777517549552
2025-04-09,BELGIUM,BEL,12.095152876019585,597473236377.0,1.2290777517549552
2025-04-11,BELGIUM,BEL,11.5148821282915,597473236377.0,1.2290777517549552
2025-05-12,BELGIUM,BEL,11.5148821282915,597473236377.0,1.2290777517549552
2025-06-03,BELGIUM,BEL,12.24350178678832,597473236377.0,1.2290777517549552
2025-08-07,BELGIUM,BEL,15.200710194823408,597473236377.0,1.2290777517549552
2025-11-14,BELGIUM,BEL,11.12922149157035,597473236377.0,1.2290777517549552
2025-12-04,BELGIUM,BEL,11.12922149157035,597473236377.0,1.2290777517549552
2026-02-07,BELGIUM,BEL,11.12922149157035,597473236377.0,1.2290777517549552
2026-02-20,BELGIUM,BEL,2.990300591586092,597473236377.0,1.2290777517549552
2026-04-06,BELGIUM,BEL,8.939733420133852,597473236377.0,1.2290777517549552
2025-02-04,BULGARIA,BGR,0.0,597473236377.0,1.2290777517549552
2025-03-06,BULGARIA,BGR,0.0,597473236377.0,1.2290777517549552
2025-03-12,BULGARIA,BGR,0.6687299193061911,597473236377.0,1.2290777517549552
2025-04-03,BULGARIA,BGR,3.491921460032639,597473236377.0,1.2290777517549552
2025-04-05,BULGARIA,BGR,20.698384292006526,597473236377.0,1.2290777517549552
2025-04-09,BULGARIA,BGR,12.095152876019585,597473236377.0,1.2290777517549552
2025-04-11,BULGARIA,BGR,11.5148821282915,597473236377.0,1.2290777517549552
2025-05-12,BULGARIA,BGR,11.5148821282915,597473236377.0,1.2290777517549552
2025-06-03,BULGARIA,BGR,12.24350178678832,597473236377.0,1.2290777517549552
2025-08-07,BULGARIA,BGR,15.200710194823408,597473236377.0,1.2290777517549552
2025-11-14,BULGARIA,BGR,11.12922149157035,597473236377.0,1.2290777517549552
2025-12-04,BULGARIA,BGR,11.12922149157035,597473236377.0,1.2290777517549552
2026-02-07,BULGARIA,BGR,11.12922149157035,597473236377.0,1.2290777517549552
2026-02-20,BULGARIA,BGR,2.990300591586092,597473236377.0,1.2290777517549552
2026-04-06,BULGARIA,BGR,8.939733420133852,597473236377.0,1.2290777517549552
2025-02-04,CROATIA,HRV,0.0,597473236377.0,1.2290777517549552
2025-03-06,CROATIA,HRV,0.0,597473236377.0,1.2290777517549552
2025-03-12,CROATIA,HRV,0.6687299193061911,597473236377.0,1.2290777517549552
2025-04-03,CROATIA,HRV,3.491921460032639,597473236377.0,1.2290777517549552
2025-04-05,CROATIA,HRV,20.698384292006526,597473236377.0,1.2290777517549552
2025-04-09,CROATIA,HRV,12.095152876019585,597473236377.0,1.2290777517549552
2025-04-11,CROATIA,HRV,11.5148821282915,597473236377.0,1.2290777517549552
2025-05-12,CROATIA,HRV,11.5148821282915,597473236377.0,1.2290777517549552
2025-06-03,CROATIA,HRV,12.24350178678832,597473236377.0,1.2290777517549552
2025-08-07,CROATIA,HRV,15.200710194823408,597473236377.0,1.2290777517549552
2025-11-14,CROATIA,HRV,11.12922149157035,597473236377.0,1.2290777517549552
2025-12-04,CROATIA,HRV,11.12922149157035,597473236377.0,1.2290777517549552
2026-02-07,CROATIA,HRV,11.12922149157035,597473236377.0,1.2290777517549552
2026-02-20,CROATIA,HRV,2.990300591586092,597473236377.0,1.2290777517549552
2026-04-06,CROATIA,HRV,8.939733420133852,597473236377.0,1.2290777517549552
2025-02-04,CYPRUS,CYP,0.0,597473236377.0,1.2290777517549552
2025-03-06,CYPRUS,CYP,0.0,597473236377.0,1.2290777517549552
2025-03-12,CYPRUS,CYP,0.6687299193061911,597473236377.0,1.2290777517549552
2025-04-03,CYPRUS,CYP,3.491921460032639,597473236377.0,1.2290777517549552
2025-04-05,CYPRUS,CYP,20.698384292006526,597473236377.0,1.2290777517549552
2025-04-09,CYPRUS,CYP,12.095152876019585,597473236377.0,1.2290777517549552
2025-04-11,CYPRUS,CYP,11.5148821282915,597473236377.0,1.2290777517549552
2025-05-12,CYPRUS,CYP,11.5148821282915,597473236377.0,1.2290777517549552
2025-06-03,CYPRUS,CYP,12.24350178678832,597473236377.0,1.2290777517549552
2025-08-07,CYPRUS,CYP,15.200710194823408,597473236377.0,1.2290777517549552
2025-11-14,CYPRUS,CYP,11.12922149157035,597473236377.0,1.2290777517549552
2025-12-04,CYPRUS,CYP,11.12922149157035,597473236377.0,1.2290777517549552
2026-02-07,CYPRUS,CYP,11.12922149157035,597473236377.0,1.2290777517549552
2026-02-20,CYPRUS,CYP,2.990300591586092,597473236377.0,1.2290777517549552
2026-04-06,CYPRUS,CYP,8.939733420133852,597473236377.0,1.2290777517549552
2025-02-04,CZECH REPUBLIC,CZE,0.0,597473236377.0,1.2290777517549552
2025-03-06,CZECH REPUBLIC,CZE,0.0,597473236377.0,1.2290777517549552
2025-03-12,CZECH REPUBLIC,CZE,0.6687299193061911,597473236377.0,1.2290777517549552
2025-04-03,CZECH REPUBLIC,CZE,3.491921460032639,597473236377.0,1.2290777517549552
2025-04-05,CZECH REPUBLIC,CZE,20.698384292006526,597473236377.0,1.2290777517549552
2025-04-09,CZECH REPUBLIC,CZE,12.095152876019585,597473236377.0,1.2290777517549552
2025-04-11,CZECH REPUBLIC,CZE,11.5148821282915,597473236377.0,1.2290777517549552
2025-05-12,CZECH REPUBLIC,CZE,11.5148821282915,597473236377.0,1.2290777517549552
2025-06-03,CZECH REPUBLIC,CZE,12.24350178678832,597473236377.0,1.2290777517549552
2025-08-07,CZECH REPUBLIC,CZE,15.200710194823408,597473236377.0,1.2290777517549552
2025-11-14,CZECH REPUBLIC,CZE,11.12922149157035,597473236377.0,1.2290777517549552
2025-12-04,CZECH REPUBLIC,CZE,11.12922149157035,597473236377.0,1.2290777517549552
2026-02-07,CZECH REPUBLIC,CZE,11.12922149157035,597473236377.0,1.2290777517549552
2026-02-20,CZECH REPUBLIC,CZE,2.990300591586092,597473236377.0,1.2290777517549552
2026-04-06,CZECH REPUBLIC,CZE,8.939733420133852,597473236377.0,1.2290777517549552
2025-02-04,DENMARK,DNK,0.0,597473236377.0,1.2290777517549552
2025-03-06,DENMARK,DNK,0.0,597473236377.0,1.2290777517549552
2025-03-12,DENMARK,DNK,0.6687299193061911,597473236377.0,1.2290777517549552
2025-04-03,DENMARK,DNK,3.491921460032639,597473236377.0,1.2290777517549552
2025-04-05,DENMARK,DNK,20.698384292006526,597473236377.0,1.2290777517549552
2025-04-09,DENMARK,DNK,12.095152876019585,597473236377.0,1.2290777517549552
2025-04-11,DENMARK,DNK,11.5148821282915,597473236377.0,1.2290777517549552
2025-05-12,DENMARK,DNK,11.5148821282915,597473236377.0,1.2290777517549552
2025-06-03,DENMARK,DNK,12.24350178678832,597473236377.0,1.2290777517549552
2025-08-07,DENMARK,DNK,15.200710194823408,597473236377.0,1.2290777517549552
2025-11-14,DENMARK,DNK,11.12922149157035,597473236377.0,1.2290777517549552
2025-12-04,DENMARK,DNK,11.12922149157035,597473236377.0,1.2290777517549552
2026-02-07,DENMARK,DNK,11.12922149157035,597473236377.0,1.2290777517549552
2026-02-20,DENMARK,DNK,2.990300591586092,597473236377.0,1.2290777517549552
2026-04-06,DENMARK,DNK,8.939733420133852,597473236377.0,1.2290777517549552
2025-02-04,ESTONIA,EST,0.0,597473236377.0,1.2290777517549552
2025-03-06,ESTONIA,EST,0.0,597473236377.0,1.2290777517549552
2025-03-12,ESTONIA,EST,0.6687299193061911,597473236377.0,1.2290777517549552
2025-04-03,ESTONIA,EST,3.491921460032639,597473236377.0,1.2290777517549552
2025-04-05,ESTONIA,EST,20.698384292006526,597473236377.0,1.2290777517549552
2025-04-09,ESTONIA,EST,12.095152876019585,597473236377.0,1.2290777517549552
2025-04-11,ESTONIA,EST,11.5148821282915,597473236377.0,1.2290777517549552
2025-05-12,ESTONIA,EST,11.5148821282915,597473236377.0,1.2290777517549552
2025-06-03,ESTONIA,EST,12.24350178678832,597473236377.0,1.2290777517549552
2025-08-07,ESTONIA,EST,15.200710194823408,597473236377.0,1.2290777517549552
2025-11-14,ESTONIA,EST,11.12922149157035,597473236377.0,1.2290777517549552
2025-12-04,ESTONIA,EST,11.12922149157035,597473236377.0,1.2290777517549552
2026-02-07,ESTONIA,EST,11.12922149157035,597473236377.0,1.2290777517549552
2026-02-20,ESTONIA,EST,2.990300591586092,597473236377.0,1.2290777517549552
2026-04-06,ESTONIA,EST,8.939733420133852,597473236377.0,1.2290777517549552
2025-02-04,FINLAND,FIN,0.0,597473236377.0,1.2290777517549552
2025-03-06,FINLAND,FIN,0.0,597473236377.0,1.2290777517549552
2025-03-12,FINLAND,FIN,0.6687299193061911,597473236377.0,1.2290777517549552
2025-04-03,FINLAND,FIN,3.491921460032639,597473236377.0,1.2290777517549552
2025-04-05,FINLAND,FIN,20.698384292006526,597473236377.0,1.2290777517549552
2025-04-09,FINLAND,FIN,12.095152876019585,597473236377.0,1.2290777517549552
2025-04-11,FINLAND,FIN,11.5148821282915,597473236377.0,1.2290777517549552
2025-05-12,FINLAND,FIN,11.5148821282915,597473236377.0,1.2290777517549552
2025-06-03,FINLAND,FIN,12.24350178678832,597473236377.0,1.2290777517549552
2025-08-07,FINLAND,FIN,15.200710194823408,597473236377.0,1.2290777517549552
2025-11-14,FINLAND,FIN,11.12922149157035,597473236377.0,1.2290777517549552
2025-12-04,FINLAND,FIN,11.12922149157035,597473236377.0,1.2290777517549552
2026-02-07,FINLAND,FIN,11.12922149157035,597473236377.0,1.2290777517549552
2026-02-20,FINLAND,FIN,2.990300591586092,597473236377.0,1.2290777517549552
2026-04-06,FINLAND,FIN,8.939733420133852,597473236377.0,1.2290777517549552
2025-02-04,FRANCE,FRA,0.0,597473236377.0,1.2290777517549552
2025-03-06,FRANCE,FRA,0.0,597473236377.0,1.2290777517549552
2025-03-12,FRANCE,FRA,0.6687299193061911,597473236377.0,1.2290777517549552
2025-04-03,FRANCE,FRA,3.491921460032639,597473236377.0,1.2290777517549552
2025-04-05,FRANCE,FRA,20.698384292006526,597473236377.0,1.2290777517549552
2025-04-09,FRANCE,FRA,12.095152876019585,597473236377.0,1.2290777517549552
2025-04-11,FRANCE,FRA,11.5148821282915,597473236377.0,1.2290777517549552
2025-05-12,FRANCE,FRA,11.5148821282915,597473236377.0,1.2290777517549552
2025-06-03,FRANCE,FRA,12.24350178678832,597473236377.0,1.2290777517549552
2025-08-07,FRANCE,FRA,15.200710194823408,597473236377.0,1.2290777517549552
2025-11-14,FRANCE,FRA,11.12922149157035,597473236377.0,1.2290777517549552
2025-12-04,FRANCE,FRA,11.12922149157035,597473236377.0,1.2290777517549552
2026-02-07,FRANCE,FRA,11.12922149157035,597473236377.0,1.2290777517549552
2026-02-20,FRANCE,FRA,2.990300591586092,597473236377.0,1.2290777517549552
2026-04-06,FRANCE,FRA,8.939733420133852,597473236377.0,1.2290777517549552
2025-02-04,GERMANY,DEU,0.0,597473236377.0,1.2290777517549552
2025-03-06,GERMANY,DEU,0.0,597473236377.0,1.2290777517549552
2025-03-12,GERMANY,DEU,0.6687299193061911,597473236377.0,1.2290777517549552
2025-04-03,GERMANY,DEU,3.491921460032639,597473236377.0,1.2290777517549552
2025-04-05,GERMANY,DEU,20.698384292006526,597473236377.0,1.2290777517549552
2025-04-09,GERMANY,DEU,12.095152876019585,597473236377.0,1.2290777517549552
2025-04-11,GERMANY,DEU,11.5148821282915,597473236377.0,1.2290777517549552
2025-05-12,GERMANY,DEU,11.5148821282915,597473236377.0,1.2290777517549552
2025-06-03,GERMANY,DEU,12.24350178678832,597473236377.0,1.2290777517549552
2025-08-07,GERMANY,DEU,15.200710194823408,597473236377.0,1.2290777517549552
2025-11-14,GERMANY,DEU,11.12922149157035,597473236377.0,1.2290777517549552
2025-12-04,GERMANY,DEU,11.12922149157035,597473236377.0,1.2290777517549552
2026-02-07,GERMANY,DEU,11.12922149157035,597473236377.0,1.2290777517549552
2026-02-20,GERMANY,DEU,2.990300591586092,597473236377.0,1.2290777517549552
2026-04-06,GERMANY,DEU,8.939733420133852,597473236377.0,1.2290777517549552
2025-02-04,GREECE,GRC,0.0,597473236377.0,1.2290777517549552
2025-03-06,GREECE,GRC,0.0,597473236377.0,1.2290777517549552
2025-03-12,GREECE,GRC,0.6687299193061911,597473236377.0,1.2290777517549552
2025-04-03,GREECE,GRC,3.491921460032639,597473236377.0,1.2290777517549552
2025-04-05,GREECE,GRC,20.698384292006526,597473236377.0,1.2290777517549552
2025-04-09,GREECE,GRC,12.095152876019585,597473236377.0,1.2290777517549552
2025-04-11,GREECE,GRC,11.5148821282915,597473236377.0,1.2290777517549552
2025-05-12,GREECE,GRC,11.5148821282915,597473236377.0,1.2290777517549552
2025-06-03,GREECE,GRC,12.24350178678832,597473236377.0,1.2290777517549552
2025-08-07,GREECE,GRC,15.200710194823408,597473236377.0,1.2290777517549552
2025-11-14,GREECE,GRC,11.12922149157035,597473236377.0,1.2290777517549552
2025-12-04,GREECE,GRC,11.12922149157035,597473236377.0,1.2290777517549552
2026-02-07,GREECE,GRC,11.12922149157035,597473236377.0,1.2290777517549552
2026-02-20,GREECE,GRC,2.990300591586092,597473236377.0,1.2290777517549552
2026-04-06,GREECE,GRC,8.939733420133852,597473236377.0,1.2290777517549552
2025-02-04,HUNGARY,HUN,0.0,597473236377.0,1.2290777517549552
2025-03-06,HUNGARY,HUN,0.0,597473236377.0,1.2290777517549552
2025-03-12,HUNGARY,HUN,0.6687299193061911,597473236377.0,1.2290777517549552
2025-04-03,HUNGARY,HUN,3.491921460032639,597473236377.0,1.2290777517549552
2025-04-05,HUNGARY,HUN,20.698384292006526,597473236377.0,1.2290777517549552
2025-04-09,HUNGARY,HUN,12.095152876019585,597473236377.0,1.2290777517549552
2025-04-11,HUNGARY,HUN,11.5148821282915,597473236377.0,1.2290777517549552
2025-05-12,HUNGARY,HUN,11.5148821282915,597473236377.0,1.2290777517549552
2025-06-03,HUNGARY,HUN,12.24350178678832,597473236377.0,1.2290777517549552
2025-08-07,HUNGARY,HUN,15.200710194823408,597473236377.0,1.2290777517549552
2025-11-14,HUNGARY,HUN,11.12922149157035,597473236377.0,1.2290777517549552
2025-12-04,HUNGARY,HUN,11.12922149157035,597473236377.0,1.2290777517549552
2026-02-07,HUNGARY,HUN,11.12922149157035,597473236377.0,1.2290777517549552
2026-02-20,HUNGARY,HUN,2.990300591586092,597473236377.0,1.2290777517549552
2026-04-06,HUNGARY,HUN,8.939733420133852,597473236377.0,1.2290777517549552
2025-02-04,IRELAND,IRL,0.0,597473236377.0,1.2290777517549552
2025-03-06,IRELAND,IRL,0.0,597473236377.0,1.2290777517549552
2025-03-12,IRELAND,IRL,0.6687299193061911,597473236377.0,1.2290777517549552
2025-04-03,IRELAND,IRL,3.491921460032639,597473236377.0,1.2290777517549552
2025-04-05,IRELAND,IRL,20.698384292006526,597473236377.0,1.2290777517549552
2025-04-09,IRELAND,IRL,12.095152876019585,597473236377.0,1.2290777517549552
2025-04-11,IRELAND,IRL,11.5148821282915,597473236377.0,1.2290777517549552
2025-05-12,IRELAND,IRL,11.5148821282915,597473236377.0,1.2290777517549552
2025-06-03,IRELAND,IRL,12.24350178678832,597473236377.0,1.2290777517549552
2025-08-07,IRELAND,IRL,15.200710194823408,597473236377.0,1.2290777517549552
2025-11-14,IRELAND,IRL,11.12922149157035,597473236377.0,1.2290777517549552
2025-12-04,IRELAND,IRL,11.12922149157035,597473236377.0,1.2290777517549552
2026-02-07,IRELAND,IRL,11.12922149157035,597473236377.0,1.2290777517549552
2026-02-20,IRELAND,IRL,2.990300591586092,597473236377.0,1.2290777517549552
2026-04-06,IRELAND,IRL,8.939733420133852,597473236377.0,1.2290777517549552
2025-02-04,ITALY,ITA,0.0,597473236377.0,1.2290777517549552
2025-03-06,ITALY,ITA,0.0,597473236377.0,1.2290777517549552
2025-03-12,ITALY,ITA,0.6687299193061911,597473236377.0,1.2290777517549552
2025-04-03,ITALY,ITA,3.491921460032639,597473236377.0,1.2290777517549552
2025-04-05,ITALY,ITA,20.698384292006526,597473236377.0,1.2290777517549552
2025-04-09,ITALY,ITA,12.095152876019585,597473236377.0,1.2290777517549552
2025-04-11,ITALY,ITA,11.5148821282915,597473236377.0,1.2290777517549552
2025-05-12,ITALY,ITA,11.5148821282915,597473236377.0,1.2290777517549552
2025-06-03,ITALY,ITA,12.24350178678832,597473236377.0,1.2290777517549552
2025-08-07,ITALY,ITA,15.200710194823408,597473236377.0,1.2290777517549552
2025-11-14,ITALY,ITA,11.12922149157035,597473236377.0,1.2290777517549552
2025-12-04,ITALY,ITA,11.12922149157035,597473236377.0,1.2290777517549552
2026-02-07,ITALY,ITA,11.12922149157035,597473236377.0,1.2290777517549552
2026-02-20,ITALY,ITA,2.990300591586092,597473236377.0,1.2290777517549552
2026-04-06,ITALY,ITA,8.939733420133852,597473236377.0,1.2290777517549552
2025-02-04,LATVIA,LVA,0.0,597473236377.0,1.2290777517549552
2025-03-06,LATVIA,LVA,0.0,597473236377.0,1.2290777517549552
2025-03-12,LATVIA,LVA,0.6687299193061911,597473236377.0,1.2290777517549552
2025-04-03,LATVIA,LVA,3.491921460032639,597473236377.0,1.2290777517549552
2025-04-05,LATVIA,LVA,20.698384292006526,597473236377.0,1.2290777517549552
2025-04-09,LATVIA,LVA,12.095152876019585,597473236377.0,1.2290777517549552
2025-04-11,LATVIA,LVA,11.5148821282915,597473236377.0,1.2290777517549552
2025-05-12,LATVIA,LVA,11.5148821282915,597473236377.0,1.2290777517549552
2025-06-03,LATVIA,LVA,12.24350178678832,597473236377.0,1.2290777517549552
2025-08-07,LATVIA,LVA,15.200710194823408,597473236377.0,1.2290777517549552
2025-11-14,LATVIA,LVA,11.12922149157035,597473236377.0,1.2290777517549552
2025-12-04,LATVIA,LVA,11.12922149157035,597473236377.0,1.2290777517549552
2026-02-07,LATVIA,LVA,11.12922149157035,597473236377.0,1.2290777517549552
2026-02-20,LATVIA,LVA,2.990300591586092,597473236377.0,1.2290777517549552
2026-04-06,LATVIA,LVA,8.939733420133852,597473236377.0,1.2290777517549552
2025-02-04,LITHUANIA,LTU,0.0,597473236377.0,1.2290777517549552
2025-03-06,LITHUANIA,LTU,0.0,597473236377.0,1.2290777517549552
2025-03-12,LITHUANIA,LTU,0.6687299193061911,597473236377.0,1.2290777517549552
2025-04-03,LITHUANIA,LTU,3.491921460032639,597473236377.0,1.2290777517549552
2025-04-05,LITHUANIA,LTU,20.698384292006526,597473236377.0,1.2290777517549552
2025-04-09,LITHUANIA,LTU,12.095152876019585,597473236377.0,1.2290777517549552
2025-04-11,LITHUANIA,LTU,11.5148821282915,597473236377.0,1.2290777517549552
2025-05-12,LITHUANIA,LTU,11.5148821282915,597473236377.0,1.2290777517549552
2025-06-03,LITHUANIA,LTU,12.24350178678832,597473236377.0,1.2290777517549552
2025-08-07,LITHUANIA,LTU,15.200710194823408,597473236377.0,1.2290777517549552
2025-11-14,LITHUANIA,LTU,11.12922149157035,597473236377.0,1.2290777517549552
2025-12-04,LITHUANIA,LTU,11.12922149157035,597473236377.0,1.2290777517549552
2026-02-07,LITHUANIA,LTU,11.12922149157035,597473236377.0,1.2290777517549552
2026-02-20,LITHUANIA,LTU,2.990300591586092,597473236377.0,1.2290777517549552
2026-04-06,LITHUANIA,LTU,8.939733420133852,597473236377.0,1.2290777517549552
2025-02-04,LUXEMBOURG,LUX,0.0,597473236377.0,1.2290777517549552
2025-03-06,LUXEMBOURG,LUX,0.0,597473236377.0,1.2290777517549552
2025-03-12,LUXEMBOURG,LUX,0.6687299193061911,597473236377.0,1.2290777517549552
2025-04-03,LUXEMBOURG,LUX,3.491921460032639,597473236377.0,1.2290777517549552
2025-04-05,LUXEMBOURG,LUX,20.698384292006526,597473236377.0,1.2290777517549552
2025-04-09,LUXEMBOURG,LUX,12.095152876019585,597473236377.0,1.2290777517549552
2025-04-11,LUXEMBOURG,LUX,11.5148821282915,597473236377.0,1.2290777517549552
2025-05-12,LUXEMBOURG,LUX,11.5148821282915,597473236377.0,1.2290777517549552
2025-06-03,LUXEMBOURG,LUX,12.24350178678832,597473236377.0,1.2290777517549552
2025-08-07,LUXEMBOURG,LUX,15.200710194823408,597473236377.0,1.2290777517549552
2025-11-14,LUXEMBOURG,LUX,11.12922149157035,597473236377.0,1.2290777517549552
2025-12-04,LUXEMBOURG,LUX,11.12922149157035,597473236377.0,1.2290777517549552
2026-02-07,LUXEMBOURG,LUX,11.12922149157035,597473236377.0,1.2290777517549552
2026-02-20,LUXEMBOURG,LUX,2.990300591586092,597473236377.0,1.2290777517549552
2026-04-06,LUXEMBOURG,LUX,8.939733420133852,597473236377.0,1.2290777517549552
2025-02-04,MALTA,MLT,0.0,597473236377.0,1.2290777517549552
2025-03-06,MALTA,MLT,0.0,597473236377.0,1.2290777517549552
2025-03-12,MALTA,MLT,0.6687299193061911,597473236377.0,1.2290777517549552
2025-04-03,MALTA,MLT,3.491921460032639,597473236377.0,1.2290777517549552
2025-04-05,MALTA,MLT,20.698384292006526,597473236377.0,1.2290777517549552
2025-04-09,MALTA,MLT,12.095152876019585,597473236377.0,1.2290777517549552
2025-04-11,MALTA,MLT,11.5148821282915,597473236377.0,1.2290777517549552
2025-05-12,MALTA,MLT,11.5148821282915,597473236377.0,1.2290777517549552
2025-06-03,MALTA,MLT,12.24350178678832,597473236377.0,1.2290777517549552
2025-08-07,MALTA,MLT,15.200710194823408,597473236377.0,1.2290777517549552
2025-11-14,MALTA,MLT,11.12922149157035,597473236377.0,1.2290777517549552
2025-12-04,MALTA,MLT,11.12922149157035,597473236377.0,1.2290777517549552
2026-02-07,MALTA,MLT,11.12922149157035,597473236377.0,1.2290777517549552
2026-02-20,MALTA,MLT,2.990300591586092,597473236377.0,1.2290777517549552
2026-04-06,MALTA,MLT,8.939733420133852,597473236377.0,1.2290777517549552
2025-02-04,NETHERLANDS,NLD,0.0,597473236377.0,1.2290777517549552
2025-03-06,NETHERLANDS,NLD,0.0,597473236377.0,1.2290777517549552
2025-03-12,NETHERLANDS,NLD,0.6687299193061911,597473236377.0,1.2290777517549552
2025-04-03,NETHERLANDS,NLD,3.491921460032639,597473236377.0,1.2290777517549552
2025-04-05,NETHERLANDS,NLD,20.698384292006526,597473236377.0,1.2290777517549552
2025-04-09,NETHERLANDS,NLD,12.095152876019585,597473236377.0,1.2290777517549552
2025-04-11,NETHERLANDS,NLD,11.5148821282915,597473236377.0,1.2290777517549552
2025-05-12,NETHERLANDS,NLD,11.5148821282915,597473236377.0,1.2290777517549552
2025-06-03,NETHERLANDS,NLD,12.24350178678832,597473236377.0,1.2290777517549552
2025-08-07,NETHERLANDS,NLD,15.200710194823408,597473236377.0,1.2290777517549552
2025-11-14,NETHERLANDS,NLD,11.12922149157035,597473236377.0,1.2290777517549552
2025-12-04,NETHERLANDS,NLD,11.12922149157035,597473236377.0,1.2290777517549552
2026-02-07,NETHERLANDS,NLD,11.12922149157035,597473236377.0,1.2290777517549552
2026-02-20,NETHERLANDS,NLD,2.990300591586092,597473236377.0,1.2290777517549552
2026-04-06,NETHERLANDS,NLD,8.939733420133852,597473236377.0,1.2290777517549552
2025-02-04,POLAND,POL,0.0,597473236377.0,1.2290777517549552
2025-03-06,POLAND,POL,0.0,597473236377.0,1.2290777517549552
2025-03-12,POLAND,POL,0.6687299193061911,597473236377.0,1.2290777517549552
2025-04-03,POLAND,POL,3.491921460032639,597473236377.0,1.2290777517549552
2025-04-05,POLAND,POL,20.698384292006526,597473236377.0,1.2290777517549552
2025-04-09,POLAND,POL,12.095152876019585,597473236377.0,1.2290777517549552
2025-04-11,POLAND,POL,11.5148821282915,597473236377.0,1.2290777517549552
2025-05-12,POLAND,POL,11.5148821282915,597473236377.0,1.2290777517549552
2025-06-03,POLAND,POL,12.24350178678832,597473236377.0,1.2290777517549552
2025-08-07,POLAND,POL,15.200710194823408,597473236377.0,1.2290777517549552
2025-11-14,POLAND,POL,11.12922149157035,597473236377.0,1.2290777517549552
2025-12-04,POLAND,POL,11.12922149157035,597473236377.0,1.2290777517549552
2026-02-07,POLAND,POL,11.12922149157035,597473236377.0,1.2290777517549552
2026-02-20,POLAND,POL,2.990300591586092,597473236377.0,1.2290777517549552
2026-04-06,POLAND,POL,8.939733420133852,597473236377.0,1.2290777517549552
2025-02-04,PORTUGAL,PRT,0.0,597473236377.0,1.2290777517549552
2025-03-06,PORTUGAL,PRT,0.0,597473236377.0,1.2290777517549552
2025-03-12,PORTUGAL,PRT,0.6687299193061911,597473236377.0,1.2290777517549552
2025-04-03,PORTUGAL,PRT,3.491921460032639,597473236377.0,1.2290777517549552
2025-04-05,PORTUGAL,PRT,20.698384292006526,597473236377.0,1.2290777517549552
2025-04-09,PORTUGAL,PRT,12.095152876019585,597473236377.0,1.2290777517549552
2025-04-11,PORTUGAL,PRT,11.5148821282915,597473236377.0,1.2290777517549552
2025-05-12,PORTUGAL,PRT,11.5148821282915,597473236377.0,1.2290777517549552
2025-06-03,PORTUGAL,PRT,12.24350178678832,597473236377.0,1.2290777517549552
2025-08-07,PORTUGAL,PRT,15.200710194823408,597473236377.0,1.2290777517549552
2025-11-14,PORTUGAL,PRT,11.12922149157035,597473236377.0,1.2290777517549552
2025-12-04,PORTUGAL,PRT,11.12922149157035,597473236377.0,1.2290777517549552
2026-02-07,PORTUGAL,PRT,11.12922149157035,597473236377.0,1.2290777517549552
2026-02-20,PORTUGAL,PRT,2.990300591586092,597473236377.0,1.2290777517549552
2026-04-06,PORTUGAL,PRT,8.939733420133852,597473236377.0,1.2290777517549552
2025-02-04,ROMANIA,ROU,0.0,597473236377.0,1.2290777517549552
2025-03-06,ROMANIA,ROU,0.0,597473236377.0,1.2290777517549552
2025-03-12,ROMANIA,ROU,0.6687299193061911,597473236377.0,1.2290777517549552
2025-04-03,ROMANIA,ROU,3.491921460032639,597473236377.0,1.2290777517549552
2025-04-05,ROMANIA,ROU,20.698384292006526,597473236377.0,1.2290777517549552
2025-04-09,ROMANIA,ROU,12.095152876019585,597473236377.0,1.2290777517549552
2025-04-11,ROMANIA,ROU,11.5148821282915,597473236377.0,1.2290777517549552
2025-05-12,ROMANIA,ROU,11.5148821282915,597473236377.0,1.2290777517549552
2025-06-03,ROMANIA,ROU,12.24350178678832,597473236377.0,1.2290777517549552
2025-08-07,ROMANIA,ROU,15.200710194823408,597473236377.0,1.2290777517549552
2025-11-14,ROMANIA,ROU,11.12922149157035,597473236377.0,1.2290777517549552
2025-12-04,ROMANIA,ROU,11.12922149157035,597473236377.0,1.2290777517549552
2026-02-07,ROMANIA,ROU,11.12922149157035,597473236377.0,1.2290777517549552
2026-02-20,ROMANIA,ROU,2.990300591586092,597473236377.0,1.2290777517549552
2026-04-06,ROMANIA,ROU,8.939733420133852,597473236377.0,1.2290777517549552
2025-02-04,SLOVENIA,SVN,0.0,597473236377.0,1.2290777517549552
2025-03-06,SLOVENIA,SVN,0.0,597473236377.0,1.2290777517549552
2025-03-12,SLOVENIA,SVN,0.6687299193061911,597473236377.0,1.2290777517549552
2025-04-03,SLOVENIA,SVN,3.491921460032639,597473236377.0,1.2290777517549552
2025-04-05,SLOVENIA,SVN,20.698384292006526,597473236377.0,1.2290777517549552
2025-04-09,SLOVENIA,SVN,12.095152876019585,597473236377.0,1.2290777517549552
2025-04-11,SLOVENIA,SVN,11.5148821282915,597473236377.0,1.2290777517549552
2025-05-12,SLOVENIA,SVN,11.5148821282915,597473236377.0,1.2290777517549552
2025-06-03,SLOVENIA,SVN,12.24350178678832,597473236377.0,1.2290777517549552
2025-08-07,SLOVENIA,SVN,15.200710194823408,597473236377.0,1.2290777517549552
2025-11-14,SLOVENIA,SVN,11.12922149157035,597473236377.0,1.2290777517549552
2025-12-04,SLOVENIA,SVN,11.12922149157035,597473236377.0,1.2290777517549552
2026-02-07,SLOVENIA,SVN,11.12922149157035,597473236377.0,1.2290777517549552
2026-02-20,SLOVENIA,SVN,2.990300591586092,597473236377.0,1.2290777517549552
2026-04-06,SLOVENIA,SVN,8.939733420133852,597473236377.0,1.2290777517549552
2025-02-04,SPAIN,ESP,0.0,597473236377.0,1.2290777517549552
2025-03-06,SPAIN,ESP,0.0,597473236377.0,1.2290777517549552
2025-03-12,SPAIN,ESP,0.6687299193061911,597473236377.0,1.2290777517549552
2025-04-03,SPAIN,ESP,3.491921460032639,597473236377.0,1.2290777517549552
2025-04-05,SPAIN,ESP,20.698384292006526,597473236377.0,1.2290777517549552
2025-04-09,SPAIN,ESP,12.095152876019585,597473236377.0,1.2290777517549552
2025-04-11,SPAIN,ESP,11.5148821282915,597473236377.0,1.2290777517549552
2025-05-12,SPAIN,ESP,11.5148821282915,597473236377.0,1.2290777517549552
2025-06-03,SPAIN,ESP,12.24350178678832,597473236377.0,1.2290777517549552
2025-08-07,SPAIN,ESP,15.200710194823408,597473236377.0,1.2290777517549552
2025-11-14,SPAIN,ESP,11.12922149157035,597473236377.0,1.2290777517549552
2025-12-04,SPAIN,ESP,11.12922149157035,597473236377.0,1.2290777517549552
2026-02-07,SPAIN,ESP,11.12922149157035,597473236377.0,1.2290777517549552
2026-02-20,SPAIN,ESP,2.990300591586092,597473236377.0,1.2290777517549552
2026-04-06,SPAIN,ESP,8.939733420133852,597473236377.0,1.2290777517549552
2025-02-04,SWEDEN,SWE,0.0,597473236377.0,1.2290777517549552
2025-03-06,SWEDEN,SWE,0.0,597473236377.0,1.2290777517549552
2025-03-12,SWEDEN,SWE,0.6687299193061911,597473236377.0,1.2290777517549552
2025-04-03,SWEDEN,SWE,3.491921460032639,597473236377.0,1.2290777517549552
2025-04-05,SWEDEN,SWE,20.698384292006526,597473236377.0,1.2290777517549552
2025-04-09,SWEDEN,SWE,12.095152876019585,597473236377.0,1.2290777517549552
2025-04-11,SWEDEN,SWE,11.5148821282915,597473236377.0,1.2290777517549552
2025-05-12,SWEDEN,SWE,11.5148821282915,597473236377.0,1.2290777517549552
2025-06-03,SWEDEN,SWE,12.24350178678832,597473236377.0,1.2290777517549552
2025-08-07,SWEDEN,SWE,15.200710194823408,597473236377.0,1.2290777517549552
2025-11-14,SWEDEN,SWE,11.12922149157035,597473236377.0,1.2290777517549552
2025-12-04,SWEDEN,SWE,11.12922149157035,597473236377.0,1.2290777517549552
2026-02-07,SWEDEN,SWE,11.12922149157035,597473236377.0,1.2290777517549552
2026-02-20,SWEDEN,SWE,2.990300591586092,597473236377.0,1.2290777517549552
2026-04-06,SWEDEN,SWE,8.939733420133852,597473236377.0,1.2290777517549552
